Epoch,Training loss,Test loss,Test acc,Time,,,,,,,,,
1,2.2968,2.2973,0.1,13498s,,,,,,,,,
2,2.268,2.2205,0.1987,,,,,,,,,,
3,2.1605,2.0821,0.2489,,,,,,,,,,
4,2.0114,1.9548,0.2836,,,,,,,,,,
5,1.9385,1.8775,0.3104,,,,,,,,,,
6,1.8729,1.7922,0.3447,,,,,,,,,,
7,1.785,1.7189,0.3735,,,,,,,,,,
8,1.7101,1.6398,0.4017,,,,,,,,,,
9,1.6267,1.5924,0.4179,,,,,,,,,,
10,1.5751,1.5512,0.4311,,,,,,,,,,
11,1.508,1.5298,0.4454,,,,,,,,,,
12,1.4458,1.5147,0.4518,,,,,,,,,,
13,1.4028,1.4715,0.4674,,,,,,,,,,
14,1.3466,1.4691,0.4716,,,,,,,,,,
15,1.3067,1.4507,0.4823,,,,,,,,,,
16,1.2338,1.4372,0.4904,,,,,,,,,,
17,1.1917,1.4406,0.4975,,,,,,,,,,
18,1.1527,1.4353,0.4975,,,,,,,,,,#NAME?
19,1.1038,1.435,0.5001,,,,,,,,,,
20,1.0559,1.423,0.5064,,,,,,,,,,
21,1.0309,1.4205,0.5167,,,,,,,,,,
22,0.9427,1.4702,0.5125,,,,,,,,,,
23,0.9073,1.4572,0.5229,,,,,,,,,,
24,0.8816,1.4556,0.52,,,,,,,,,,
25,0.85,1.4981,0.5194,,,,,,,,,,
26,0.835,1.4979,0.5255,,,,,,,,,,
27,0.8036,1.4917,0.5244,,,,,,,,,,
28,0.7571,1.5114,0.5256,,,,,,,,,,
29,0.7335,1.5506,0.5258,,,,,,,,,,
30,0.7282,1.5587,0.5288,,,,,,,,,,
31,0.6938,1.5708,0.5304,,,,,,,,,,
32,0.6954,1.5832,0.5318,,,,,,,,,,
33,0.7054,1.5682,0.5291,,,,,,,,,,
34,0.6369,1.6061,0.5298,,,,,,,,,,
35,0.6371,1.6062,0.5321,,,,,,,,,,
36,0.6633,1.5817,0.5349,,,,,,,,,,
37,0.6012,1.6172,0.5341,,,,,,,,,,
38,0.6362,1.593,0.5377,,,,,,,,,,
39,0.6014,1.6146,0.5342,,,,,,,,,,
40,0.5635,1.6406,0.5328,,,,,,,,,,
41,0.5626,1.6466,0.5335,,,,,,,,,,
42,0.5945,1.6172,0.5355,,,,,,,,,,
43,0.529,1.6694,0.5352,,,,,,,,,,
44,0.54,1.6645,0.5379,,,,,,,,,,
45,0.5055,1.6725,0.5416,,,,,,,,,,
46,0.5861,1.6108,0.537,,,,,,,,,,
47,0.5043,1.6644,0.5406,,,,,,,,,,
48,0.5183,1.6457,0.5429,,,,,,,,,,
49,0.5224,1.6413,0.5398,,,,,,,,,,
50,0.5097,1.6451,0.5423,,,,,,,,,,
51,0.4894,1.6619,0.539,,,,,,,,,,
52,0.462,1.6758,0.5433,,,,,,,,,,
53,0.4717,1.6815,0.5412,,,,,,,,,,
54,0.5016,1.6561,0.5424,,,,,,,,,,
55,0.4667,1.6638,0.5444,,,,,,,,,,
56,0.4523,1.6851,0.5419,,,,,,,,,,
57,0.4964,1.656,0.5421,,,,,,,,,,
58,0.4576,1.6634,0.5497,,,,,,,,,,
59,0.4534,1.671,0.5447,,,,,,,,,,
60,0.4242,1.7023,0.546,,,,,,,,,,
61,0.4441,1.6921,0.5419,,,,,,,,,,
62,0.4847,1.6585,0.5416,,,,,,,,,,
63,0.4436,1.695,0.5437,,,,,,,,,,
64,0.4629,1.6758,0.5458,,,,,,,,,,
65,0.4065,1.7212,0.5445,,,,,,,,,,
66,0.4276,1.6968,0.5382,,,,,,,,,,
67,0.4483,1.7096,0.5461,,,,,,,,,,
68,0.4566,1.6899,0.5417,,,,,,,,,,
69,0.4359,1.6993,0.5463,,,,,,,,,,
70,0.3722,1.729,0.5438,,,,,,,,,,
71,0.4303,1.6948,0.5439,,,,,,,,,,
72,0.4637,1.6688,0.5452,,,,,,,,,,
73,0.4261,1.7017,0.5477,,,,,,,,,,
74,0.3981,1.7144,0.5468,,,,,,,,,,
75,0.3763,1.7499,0.5438,,,,,,,,,,
76,0.395,1.7217,0.547,,,,,,,,,,
77,0.3996,1.7158,0.5474,,,,,,,,,,
78,0.4046,1.713,0.5492,,,,,,,,,,
79,0.3755,1.7569,0.5503,,,,,,,,,,
80,0.4148,1.7009,0.5516,,,,,,,,,,
81,0.3999,1.7099,0.5485,,,,,,,,,,
82,0.3871,1.7328,0.5461,,,,,,,,,,
83,0.3945,1.7183,0.5472,,,,,,,,,,
84,0.3879,1.7159,0.5502,,,,,,,,,,
85,0.3755,1.7297,0.5419,,,,,,,,,,
86,0.3968,1.7165,0.548,,,,,,,,,,
87,0.4058,1.7137,0.5474,,,,,,,,,,
88,0.3262,1.7488,0.5486,,,,,,,,,,
89,0.3799,1.7287,0.5473,,,,,,,,,,
90,0.3905,1.7193,0.5475,,,,,,,,,,
91,0.3405,1.7602,0.5484,,,,,,,,,,
92,0.3248,1.7818,0.5489,,,,,,,,,,
93,0.4015,1.7021,0.55,,,,,,,,,,
94,0.3766,1.7348,0.5533,,,,,,,,,,
95,0.35,1.7422,0.5529,,,,,,,,,,
96,0.3467,1.7438,0.5509,,,,,,,,,,
97,0.362,1.74,0.5461,,,,,,,,,,
98,0.3336,1.7923,0.5458,,,,,,,,,,
99,0.346,1.7431,0.5499,,,,,,,,,,
100,0.319,1.7767,0.5522,,,,,,,,,,
101,0.3359,1.7782,0.5528,,,,,,,,,,
102,0.3653,1.745,0.5503,,,,,,,,,,
103,0.3591,1.7448,0.5463,,,,,,,,,,
104,0.3605,1.7617,0.5495,,,,,,,,,,
105,0.3038,1.803,0.5476,,,,,,,,,,
106,0.3505,1.7836,0.5448,,,,,,,,,,
107,0.3368,1.7871,0.5479,,,,,,,,,,
108,0.3117,1.8008,0.5521,,,,,,,,,,
109,0.32,1.7934,0.546,,,,,,,,,,
110,0.2904,1.8214,0.5503,,,,,,,,,,
111,0.3189,1.8074,0.5438,,,,,,,,,,
112,0.3121,1.8062,0.5463,,,,,,,,,,
113,0.2872,1.8591,0.5472,,,,,,,,,,
114,0.3256,1.8197,0.547,,,,,,,,,,
115,0.3106,1.8408,0.5457,,,,,,,,,,
116,0.3337,1.8113,0.5523,,,,,,,,,,
117,0.316,1.8422,0.5478,,,,,,,,,,
118,0.3263,1.8343,0.5484,,,,,,,,,,
119,0.2987,1.8399,0.5456,,,,,,,,,,
120,0.2873,1.8737,0.5495,,,,,,,,,,
121,0.3165,1.8465,0.5481,,,,,,,,,,
122,0.3038,1.8439,0.5488,,,,,,,,,,
123,0.3067,1.844,0.5485,,,,,,,,,,
124,0.2992,1.8347,0.5506,,,,,,,,,,
125,0.2703,1.8758,0.5518,,,,,,,,,,
126,0.3407,1.8288,0.5464,,,,,,,,,,
127,0.304,1.8409,0.5518,,,,,,,,,,
128,0.3142,1.8219,0.5497,,,,,,,,,,
129,0.3014,1.8589,0.5508,,,,,,,,,,
130,0.2813,1.8414,0.5508,,,,,,,,,,
131,0.3118,1.835,0.5498,,,,,,,,,,
132,0.3509,1.83,0.5507,,,,,,,,,,
133,0.2714,1.8787,0.5522,,,,,,,,,,
134,0.3238,1.8439,0.548,,,,,,,,,,
135,0.2452,1.886,0.5498,,,,,,,,,,
136,0.2931,1.8816,0.5455,,,,,,,,,,
137,0.2688,1.9042,0.5476,,,,,,,,,,
138,0.3298,1.8526,0.5491,,,,,,,,,,
139,0.2561,1.8957,0.5482,,,,,,,,,,
140,0.3156,1.8771,0.5487,,,,,,,,,,
141,0.308,1.8668,0.55,,,,,,,,,,
142,0.2747,1.8739,0.5477,,,,,,,,,,
143,0.275,1.8992,0.5517,,,,,,,,,,
144,0.2825,1.912,0.5465,,,,,,,,,,
145,0.2883,1.8931,0.5478,,,,,,,,,,
146,0.2828,1.9105,0.5492,,,,,,,,,,
147,0.3035,1.8887,0.5473,,,,,,,,,,
148,0.2707,1.9095,0.5461,,,,,,,,,,
149,0.2917,1.9056,0.5444,,,,,,,,,,
150,0.2474,1.9498,0.5452,,,,,,,,,,
151,0.2503,1.9552,0.5469,,,,,,,,,,
152,0.2635,1.9517,0.5483,,,,,,,,,,
153,0.2971,1.9207,0.5439,,,,,,,,,,
154,0.2905,1.9139,0.5455,,,,,,,,,,
155,0.267,1.9481,0.5444,,,,,,,,,,
156,0.2183,1.9913,0.5454,,,,,,,,,,
157,0.2799,1.9645,0.5459,,,,,,,,,,
158,0.2458,1.9723,0.5453,,,,,,,,,,
159,0.2659,1.9519,0.5458,,,,,,,,,,
160,0.2426,1.9725,0.5476,,,,,,,,,,
161,0.2775,1.9693,0.5473,,,,,,,,,,
162,0.2247,1.9923,0.5429,,,,,,,,,,
163,0.2288,1.9929,0.5453,,,,,,,,,,
164,0.2763,1.9586,0.5493,,,,,,,,,,
165,0.2356,1.9921,0.5454,,,,,,,,,,
166,0.2617,1.9968,0.5415,,,,,,,,,,
167,0.3203,1.9736,0.5388,,,,,,,,,,
168,0.2707,1.9749,0.5447,,,,,,,,,,
169,0.273,1.9723,0.5447,,,,,,,,,,
170,0.2314,2.007,0.5441,,,,,,,,,,
171,0.2724,1.9981,0.5465,,,,,,,,,,
172,0.2478,2.0138,0.5467,,,,,,,,,,
173,0.2768,1.9939,0.5453,,,,,,,,,,
174,0.256,1.9996,0.5486,,,,,,,,,,
175,0.2823,1.982,0.5441,,,,,,,,,,
176,0.2455,2.0133,0.5414,,,,,,,,,,
177,0.2604,2.0188,0.545,,,,,,,,,,
178,0.281,2.0056,0.5465,,,,,,,,,,
179,0.2381,2.0265,0.5434,,,,,,,,,,
180,0.2903,2.0063,0.5436,,,,,,,,,,
181,0.2512,2.0398,0.5435,,,,,,,,,,
182,0.2522,2.034,0.5426,,,,,,,,,,
183,0.2349,2.0481,0.5418,,,,,,,,,,
184,0.2661,2.0315,0.5422,,,,,,,,,,
185,0.2386,2.0367,0.5435,,,,,,,,,,
186,0.2566,2.0408,0.5443,,,,,,,,,,
187,0.2734,2.023,0.5417,,,,,,,,,,
188,0.2414,2.0489,0.5433,,,,,,,,,,
189,0.2492,2.0468,0.5449,,,,,,,,,,
190,0.2826,2.0267,0.5429,,,,,,,,,,
191,0.2164,2.075,0.5462,,,,,,,,,,
192,0.215,2.0856,0.5437,,,,,,,,,,
193,0.2123,2.0973,0.5393,,,,,,,,,,
194,0.2422,2.1012,0.5438,,,,,,,,,,
195,0.2617,2.0795,0.5435,,,,,,,,,,
196,0.2702,2.0906,0.5404,,,,,,,,,,
197,0.2334,2.0795,0.5405,,,,,,,,,,
198,0.2347,2.0696,0.5371,,,,,,,,,,
199,0.2272,2.1004,0.542,,,,,,,,,,
200,0.2273,2.0942,0.5453,,,,,,,,,,
201,0.2244,2.1092,0.5413,,,,,,,,,,
202,0.2248,2.1091,0.5383,,,,,,,,,,
203,0.2474,2.1061,0.5414,,,,,,,,,,
204,0.2322,2.1068,0.544,,,,,,,,,,
205,0.2273,2.1209,0.5439,,,,,,,,,,
206,0.2301,2.1154,0.5371,,,,,,,,,,
207,0.2449,2.119,0.5365,,,,,,,,,,
208,0.2387,2.1379,0.5378,,,,,,,,,,
209,0.2228,2.1394,0.5378,,,,,,,,,,
210,0.2523,2.124,0.5372,,,,,,,,,,
211,0.2698,2.1265,0.5409,,,,,,,,,,
212,0.2377,2.123,0.5385,,,,,,,,,,
213,0.2321,2.155,0.5411,,,,,,,,,,
214,0.2518,2.1386,0.5389,,,,,,,,,,
215,0.2164,2.1403,0.5386,,,,,,,,,,
216,0.2606,2.1368,0.5415,,,,,,,,,,
217,0.198,2.1675,0.5408,,,,,,,,,,
218,0.2509,2.1409,0.5401,,,,,,,,,,
219,0.1962,2.1718,0.5402,,,,,,,,,,
220,0.2459,2.1712,0.5412,,,,,,,,,,
221,0.2153,2.1853,0.5387,,,,,,,,,,
222,0.2199,2.1911,0.5412,,,,,,,,,,
223,0.2317,2.1845,0.539,,,,,,,,,,
224,0.2587,2.1672,0.5383,,,,,,,,,,
225,0.222,2.1752,0.5377,,,,,,,,,,
226,0.2469,2.1802,0.5443,,,,,,,,,,
227,0.2001,2.213,0.5403,,,,,,,,,,
228,0.2009,2.1999,0.539,,,,,,,,,,
229,0.2086,2.2136,0.5418,,,,,,,,,,
230,0.2462,2.1872,0.5416,,,,,,,,,,
231,0.2108,2.2113,0.5411,,,,,,,,,,
232,0.2358,2.208,0.5436,,,,,,,,,,
233,0.2016,2.2403,0.5441,,,,,,,,,,
234,0.2073,2.2444,0.5436,,,,,,,,,,
235,0.2027,2.2376,0.5424,,,,,,,,,,
236,0.2178,2.2273,0.5423,,,,,,,,,,
237,0.245,2.2135,0.5405,,,,,,,,,,
238,0.2446,2.2045,0.54,,,,,,,,,,
239,0.2526,2.177,0.5381,,,,,,,,,,
240,0.2146,2.201,0.5394,,,,,,,,,,
241,0.2308,2.2335,0.5385,,,,,,,,,,
242,0.2398,2.2122,0.5395,,,,,,,,,,
243,0.2095,2.2437,0.538,,,,,,,,,,
244,0.2157,2.2452,0.5419,,,,,,,,,,
245,0.2391,2.2465,0.5411,,,,,,,,,,
246,0.233,2.2428,0.5408,,,,,,,,,,
247,0.221,2.2336,0.5378,,,,,,,,,,
248,0.2472,2.2341,0.5377,,,,,,,,,,
249,0.2294,2.2373,0.5393,,,,,,,,,,
250,0.2118,2.2704,0.5395,,,,,,,,,,
251,0.1874,2.2718,0.5434,,,,,,,,,,
252,0.2577,2.2495,0.5405,,,,,,,,,,
253,0.235,2.2418,0.5401,,,,,,,,,,
254,0.212,2.2574,0.5372,,,,,,,,,,
255,0.2067,2.2811,0.5355,,,,,,,,,,
256,0.227,2.267,0.5379,,,,,,,,,,
257,0.2189,2.2862,0.537,,,,,,,,,,
258,0.2395,2.2806,0.5388,,,,,,,,,,
259,0.2467,2.2596,0.5385,,,,,,,,,,
260,0.2339,2.2586,0.5378,,,,,,,,,,
261,0.2142,2.2722,0.5391,,,,,,,,,,
262,0.1955,2.2837,0.5393,,,,,,,,,,
263,0.2167,2.2882,0.5385,,,,,,,,,,
264,0.2191,2.2944,0.5389,,,,,,,,,,
265,0.2334,2.2711,0.5369,,,,,,,,,,
266,0.2103,2.2743,0.5353,,,,,,,,,,
267,0.2206,2.2905,0.5374,,,,,,,,,,
268,0.2245,2.2757,0.5395,,,,,,,,,,
269,0.2293,2.288,0.5387,,,,,,,,,,
270,0.2301,2.3007,0.5377,,,,,,,,,,
271,0.2208,2.3032,0.5361,,,,,,,,,,
272,0.2564,2.2985,0.536,,,,,,,,,,
273,0.21,2.3004,0.5364,,,,,,,,,,
274,0.2452,2.2993,0.534,,,,,,,,,,
275,0.2092,2.3207,0.5381,,,,,,,,,,
276,0.2308,2.297,0.5354,,,,,,,,,,
277,0.2283,2.2994,0.5364,,,,,,,,,,
278,0.2416,2.3171,0.536,,,,,,,,,,
279,0.2181,2.3166,0.5362,,,,,,,,,,
280,0.2401,2.336,0.5339,,,,,,,,,,
281,0.1963,2.3293,0.5381,,,,,,,,,,
282,0.2466,2.3249,0.5356,,,,,,,,,,
283,0.2351,2.3289,0.5371,,,,,,,,,,
284,0.1999,2.3315,0.5366,,,,,,,,,,
285,0.2294,2.3373,0.5373,,,,,,,,,,
286,0.193,2.3592,0.539,,,,,,,,,,
287,0.2292,2.3547,0.5383,,,,,,,,,,
288,0.2502,2.3357,0.5361,,,,,,,,,,
289,0.2227,2.3325,0.536,,,,,,,,,,
290,0.2039,2.349,0.5353,,,,,,,,,,
291,0.1993,2.3644,0.5306,,,,,,,,,,
292,0.2346,2.3644,0.5342,,,,,,,,,,
293,0.2231,2.3552,0.532,,,,,,,,,,
294,0.2268,2.3553,0.5344,,,,,,,,,,
295,0.2289,2.3746,0.5322,,,,,,,,,,
296,0.263,2.3482,0.5302,,,,,,,,,,
297,0.2356,2.3465,0.5326,,,,,,,,,,
298,0.2005,2.3707,0.5329,,,,,,,,,,
299,0.2269,2.3748,0.5323,,,,,,,,,,
300,0.2265,2.3771,0.5355,,,,,,,,,,
301,0.2417,2.3692,0.5338,,,,,,,,,,
302,0.2141,2.3851,0.536,,,,,,,,,,
303,0.2308,2.383,0.5344,,,,,,,,,,
304,0.2304,2.3616,0.5324,,,,,,,,,,
305,0.1886,2.3958,0.5333,,,,,,,,,,
306,0.2174,2.3947,0.5335,,,,,,,,,,
307,0.2469,2.3945,0.5349,,,,,,,,,,
308,0.2232,2.382,0.5342,,,,,,,,,,
309,0.2112,2.3981,0.5338,,,,,,,,,,
310,0.2388,2.3968,0.5324,,,,,,,,,,
311,0.2564,2.4045,0.53,,,,,,,,,,
312,0.2085,2.4262,0.532,,,,,,,,,,
313,0.2211,2.4155,0.5308,,,,,,,,,,
314,0.2131,2.426,0.5315,,,,,,,,,,
315,0.2362,2.4079,0.5341,,,,,,,,,,
316,0.2496,2.3937,0.5357,,,,,,,,,,
317,0.2086,2.4126,0.5356,,,,,,,,,,
318,0.2175,2.4215,0.533,,,,,,,,,,
319,0.2545,2.418,0.532,,,,,,,,,,
320,0.2232,2.4209,0.5307,,,,,,,,,,
321,0.2428,2.4213,0.5329,,,,,,,,,,
322,0.2309,2.4237,0.5316,,,,,,,,,,
323,0.2466,2.416,0.5316,,,,,,,,,,
324,0.2332,2.4274,0.5317,,,,,,,,,,
325,0.2124,2.4293,0.5307,,,,,,,,,,
326,0.2468,2.4178,0.5312,,,,,,,,,,
327,0.2162,2.4279,0.5312,,,,,,,,,,
328,0.2505,2.4216,0.5318,,,,,,,,,,
329,0.2455,2.4186,0.5279,,,,,,,,,,
330,0.2181,2.4315,0.532,,,,,,,,,,
331,0.2074,2.4474,0.5281,,,,,,,,,,
332,0.2381,2.4478,0.5283,,,,,,,,,,
333,0.2379,2.4526,0.5299,,,,,,,,,,
334,0.2337,2.4326,0.5322,,,,,,,,,,
335,0.2219,2.4371,0.5306,,,,,,,,,,
336,0.2099,2.4408,0.5296,,,,,,,,,,
337,0.263,2.4296,0.529,,,,,,,,,,
338,0.2562,2.4498,0.5296,,,,,,,,,,
339,0.2235,2.4408,0.5302,,,,,,,,,,
340,0.2429,2.4583,0.5303,,,,,,,,,,
341,0.2494,2.4473,0.5328,,,,,,,,,,
342,0.2556,2.4423,0.5331,,,,,,,,,,
343,0.2095,2.4651,0.531,,,,,,,,,,
344,0.2594,2.4382,0.5297,,,,,,,,,,
345,0.2183,2.4504,0.5304,,,,,,,,,,
346,0.267,2.4424,0.5274,,,,,,,,,,
347,0.2481,2.4372,0.5301,,,,,,,,,,
348,0.2467,2.4451,0.5318,,,,,,,,,,
349,0.2548,2.4445,0.5315,,,,,,,,,,
350,0.2153,2.4556,0.5297,,,,,,,,,,
351,0.2689,2.4396,0.5323,,,,,,,,,,
352,0.2369,2.4605,0.5334,,,,,,,,,,
353,0.2434,2.4464,0.5323,,,,,,,,,,
354,0.2675,2.4384,0.5319,,,,,,,,,,
355,0.2288,2.4412,0.5326,,,,,,,,,,
356,0.2637,2.447,0.5308,,,,,,,,,,
357,0.2434,2.4683,0.5323,,,,,,,,,,
358,0.2113,2.4682,0.5308,,,,,,,,,,
359,0.2441,2.4681,0.5326,,,,,,,,,,
360,0.2339,2.4829,0.5312,,,,,,,,,,
361,0.2645,2.4738,0.5307,,,,,,,,,,
362,0.2273,2.4692,0.5329,,,,,,,,,,
363,0.2686,2.4604,0.5313,,,,,,,,,,
364,0.2395,2.4806,0.5313,,,,,,,,,,
365,0.274,2.48,0.5331,,,,,,,,,,
366,0.2358,2.4883,0.5305,,,,,,,,,,
367,0.2313,2.4992,0.5312,,,,,,,,,,
368,0.2715,2.4707,0.5297,,,,,,,,,,
369,0.2737,2.4773,0.5305,,,,,,,,,,
370,0.2727,2.4831,0.5263,,,,,,,,,,
371,0.2573,2.4762,0.5292,,,,,,,,,,
372,0.26,2.4761,0.5309,,,,,,,,,,
373,0.2721,2.4707,0.5254,,,,,,,,,,
374,0.2643,2.4627,0.5281,,,,,,,,,,
375,0.2883,2.4495,0.5306,,,,,,,,,,
376,0.2737,2.4523,0.527,,,,,,,,,,
377,0.2628,2.4675,0.5285,,,,,,,,,,
378,0.2876,2.4799,0.5264,,,,,,,,,,
379,0.2852,2.4709,0.5266,,,,,,,,,,
380,0.2508,2.4796,0.5297,,,,,,,,,,
381,0.2264,2.489,0.5291,,,,,,,,,,
382,0.2537,2.4768,0.5285,,,,,,,,,,
383,0.2598,2.4888,0.5301,,,,,,,,,,
384,0.2652,2.4835,0.5303,,,,,,,,,,
385,0.2784,2.4832,0.5313,,,,,,,,,,
386,0.2502,2.4854,0.5266,,,,,,,,,,
387,0.2732,2.477,0.5262,,,,,,,,,,
388,0.2814,2.4738,0.5277,,,,,,,,,,
389,0.2384,2.4923,0.5288,,,,,,,,,,
390,0.2882,2.5034,0.5289,,,,,,,,,,
391,0.2811,2.4793,0.5289,,,,,,,,,,
392,0.2525,2.4883,0.5281,,,,,,,,,,
393,0.2758,2.4946,0.5291,,,,,,,,,,
394,0.2882,2.5112,0.5289,,,,,,,,,,
395,0.2658,2.507,0.53,,,,,,,,,,
396,0.2619,2.4966,0.527,,,,,,,,,,
397,0.2948,2.4836,0.5266,,,,,,,,,,
398,0.2512,2.493,0.5291,,,,,,,,,,
399,0.2658,2.5119,0.531,,,,,,,,,,
400,0.2963,2.497,0.5284,,,,,,,,,,
401,0.2483,2.5044,0.5299,,,,,,,,,,
402,0.3031,2.4993,0.5282,,,,,,,,,,
403,0.2407,2.5129,0.5287,,,,,,,,,,
404,0.2844,2.5044,0.5292,,,,,,,,,,
405,0.2313,2.5247,0.5289,,,,,,,,,,
406,0.2639,2.5079,0.5283,,,,,,,,,,
407,0.276,2.5168,0.5278,,,,,,,,,,
408,0.2538,2.5291,0.5308,,,,,,,,,,
409,0.2992,2.5204,0.5293,,,,,,,,,,
410,0.2538,2.5231,0.5277,,,,,,,,,,
411,0.2754,2.5184,0.5298,,,,,,,,,,
412,0.2482,2.5169,0.5294,,,,,,,,,,
413,0.275,2.5146,0.528,,,,,,,,,,
414,0.3145,2.5111,0.5285,,,,,,,,,,
415,0.2827,2.4949,0.5295,,,,,,,,,,
416,0.2792,2.5107,0.5305,,,,,,,,,,
417,0.2991,2.5094,0.5292,,,,,,,,,,
418,0.3002,2.5215,0.5292,,,,,,,,,,
419,0.2788,2.52,0.5286,,,,,,,,,,
420,0.2842,2.5145,0.528,,,,,,,,,,
421,0.3074,2.4976,0.5299,,,,,,,,,,
422,0.3058,2.5109,0.5305,,,,,,,,,,
423,0.3167,2.5031,0.5301,,,,,,,,,,
424,0.3288,2.506,0.5284,,,,,,,,,,
425,0.3038,2.5122,0.5291,,,,,,,,,,
426,0.3008,2.4975,0.5277,,,,,,,,,,
427,0.2523,2.5153,0.5304,,,,,,,,,,
428,0.3209,2.4997,0.5278,,,,,,,,,,
429,0.3222,2.5018,0.5304,,,,,,,,,,
430,0.298,2.4989,0.529,,,,,,,,,,
431,0.2836,2.5096,0.529,,,,,,,,,,
432,0.322,2.5049,0.5285,,,,,,,,,,
433,0.3035,2.505,0.5284,,,,,,,,,,
434,0.2716,2.5101,0.5283,,,,,,,,,,
435,0.3291,2.496,0.5286,,,,,,,,,,
436,0.2966,2.5037,0.528,,,,,,,,,,
437,0.3184,2.5008,0.5312,,,,,,,,,,
438,0.3091,2.5017,0.5284,,,,,,,,,,
439,0.3285,2.5089,0.5265,,,,,,,,,,
440,0.3035,2.5003,0.529,,,,,,,,,,
441,0.2618,2.5094,0.5281,,,,,,,,,,
442,0.3272,2.4994,0.5291,,,,,,,,,,
443,0.2906,2.5134,0.5252,,,,,,,,,,
444,0.2873,2.5077,0.5266,,,,,,,,,,
445,0.2978,2.5063,0.5262,,,,,,,,,,
446,0.2834,2.4968,0.5271,,,,,,,,,,
447,0.3238,2.5127,0.5265,,,,,,,,,,
448,0.3418,2.5131,0.5283,,,,,,,,,,
449,0.3205,2.5036,0.5272,,,,,,,,,,
450,0.3112,2.5037,0.5267,,,,,,,,,,
451,0.3072,2.4994,0.5273,,,,,,,,,,
452,0.3306,2.5082,0.5283,,,,,,,,,,
453,0.2851,2.5242,0.5266,,,,,,,,,,
454,0.3174,2.5177,0.5294,,,,,,,,,,
455,0.3466,2.5022,0.5291,,,,,,,,,,
456,0.335,2.4992,0.5274,,,,,,,,,,
457,0.3006,2.5086,0.5243,,,,,,,,,,
458,0.3392,2.5019,0.5258,,,,,,,,,,
459,0.2993,2.5109,0.5273,,,,,,,,,,
460,0.2844,2.5205,0.5268,,,,,,,,,,
461,0.3054,2.5272,0.5304,,,,,,,,,,
462,0.3054,2.5291,0.5276,,,,,,,,,,
463,0.3268,2.5122,0.5273,,,,,,,,,,
464,0.3184,2.5076,0.5282,,,,,,,,,,
465,0.3123,2.5086,0.5281,,,,,,,,,,
466,0.3215,2.5058,0.5281,,,,,,,,,,
467,0.3216,2.5088,0.5262,,,,,,,,,,
468,0.3785,2.5015,0.5282,,,,,,,,,,
469,0.3791,2.5085,0.5268,,,,,,,,,,
470,0.3461,2.5048,0.5271,,,,,,,,,,
471,0.2963,2.5026,0.5285,,,,,,,,,,
472,0.3327,2.5013,0.5275,,,,,,,,,,
473,0.37,2.4913,0.5291,,,,,,,,,,
474,0.3592,2.4932,0.5283,,,,,,,,,,
475,0.3281,2.4979,0.5273,,,,,,,,,,
476,0.3471,2.4937,0.5269,,,,,,,,,,
477,0.3485,2.4894,0.528,,,,,,,,,,
478,0.3384,2.4988,0.5284,,,,,,,,,,
479,0.2954,2.4978,0.5298,,,,,,,,,,
480,0.3573,2.4988,0.5295,,,,,,,,,,
481,0.3444,2.4996,0.5285,,,,,,,,,,
482,0.3781,2.4942,0.5257,,,,,,,,,,
483,0.3672,2.4936,0.5248,,,,,,,,,,
484,0.3439,2.4983,0.524,,,,,,,,,,
485,0.3654,2.4993,0.5252,,,,,,,,,,
486,0.3318,2.4993,0.5261,,,,,,,,,,
487,0.3462,2.4935,0.5254,,,,,,,,,,
488,0.2945,2.5082,0.5247,,,,,,,,,,
489,0.3665,2.4993,0.5254,,,,,,,,,,
490,0.3466,2.4941,0.5263,,,,,,,,,,
491,0.3498,2.494,0.5246,,,,,,,,,,
492,0.3533,2.4893,0.5258,,,,,,,,,,
493,0.3344,2.4919,0.5276,,,,,,,,,,
494,0.3583,2.492,0.5248,,,,,,,,,,
495,0.3903,2.4979,0.5248,,,,,,,,,,
496,0.3482,2.4981,0.5265,,,,,,,,,,
497,0.383,2.4978,0.526,,,,,,,,,,
498,0.3799,2.4852,0.5266,,,,,,,,,,
499,0.3676,2.4803,0.5227,,,,,,,,,,
500,0.3696,2.4848,0.5232,,,,,,,,,,
501,0.42,2.4859,0.5234,,,,,,,,,,
502,0.3921,2.4805,0.5256,,,,,,,,,,
503,0.3992,2.4737,0.5235,,,,,,,,,,
504,0.3392,2.48,0.5264,,,,,,,,,,
505,0.3456,2.4839,0.5271,,,,,,,,,,
506,0.3622,2.484,0.5243,,,,,,,,,,
507,0.3762,2.484,0.5251,,,,,,,,,,
508,0.3877,2.4839,0.5242,,,,,,,,,,
509,0.3525,2.4973,0.526,,,,,,,,,,
510,0.337,2.5,0.5252,,,,,,,,,,
511,0.3649,2.496,0.5241,,,,,,,,,,
512,0.3773,2.4983,0.5253,,,,,,,,,,
513,0.3608,2.5033,0.524,,,,,,,,,,
514,0.3989,2.4976,0.5243,,,,,,,,,,
515,0.3965,2.493,0.5233,,,,,,,,,,
516,0.365,2.4997,0.5228,,,,,,,,,,
517,0.3863,2.4937,0.5242,,,,,,,,,,
518,0.4314,2.4818,0.5251,,,,,,,,,,
519,0.3506,2.4868,0.5245,,,,,,,,,,
520,0.3908,2.4893,0.5251,,,,,,,,,,
521,0.3454,2.4897,0.5257,,,,,,,,,,
522,0.3972,2.475,0.5248,,,,,,,,,,
523,0.3816,2.4763,0.5248,,,,,,,,,,
524,0.3624,2.4769,0.5243,,,,,,,,,,
525,0.416,2.4804,0.5233,,,,,,,,,,
526,0.4181,2.4802,0.5252,,,,,,,,,,
527,0.347,2.4843,0.5255,,,,,,,,,,
528,0.3805,2.4797,0.524,,,,,,,,,,
529,0.3875,2.4805,0.5268,,,,,,,,,,
530,0.3456,2.4871,0.5261,,,,,,,,,,
531,0.4163,2.4782,0.5259,,,,,,,,,,
532,0.3832,2.477,0.5262,,,,,,,,,,
533,0.4383,2.4771,0.525,,,,,,,,,,
534,0.3809,2.4788,0.5272,,,,,,,,,,
535,0.4264,2.4691,0.5278,,,,,,,,,,
536,0.3824,2.4781,0.5248,,,,,,,,,,
537,0.3608,2.4767,0.5258,,,,,,,,,,
538,0.4404,2.4779,0.5247,,,,,,,,,,
539,0.3925,2.4739,0.5252,,,,,,,,,,
540,0.4048,2.4719,0.5243,,,,,,,,,,
541,0.3802,2.4769,0.5234,,,,,,,,,,
542,0.398,2.4755,0.5243,,,,,,,,,,
543,0.4088,2.4713,0.525,,,,,,,,,,
544,0.3567,2.4757,0.526,,,,,,,,,,
545,0.3956,2.4705,0.5242,,,,,,,,,,
546,0.358,2.4784,0.5257,,,,,,,,,,
547,0.4286,2.4738,0.5252,,,,,,,,,,
548,0.3961,2.4745,0.5257,,,,,,,,,,
549,0.4025,2.4753,0.5259,,,,,,,,,,
550,0.4266,2.4674,0.5252,,,,,,,,,,
551,0.4043,2.4685,0.5252,,,,,,,,,,
552,0.4205,2.4679,0.5266,,,,,,,,,,
553,0.3867,2.4686,0.5258,,,,,,,,,,
554,0.4235,2.4715,0.5253,,,,,,,,,,
555,0.3784,2.4704,0.5263,,,,,,,,,,
556,0.4438,2.4602,0.5261,,,,,,,,,,
557,0.4024,2.4549,0.5266,,,,,,,,,,
558,0.4072,2.4541,0.5248,,,,,,,,,,
559,0.4547,2.4521,0.524,,,,,,,,,,
560,0.3997,2.4617,0.5262,,,,,,,,,,
561,0.4184,2.4628,0.5248,,,,,,,,,,
562,0.4041,2.4645,0.5236,,,,,,,,,,
563,0.405,2.4621,0.5269,,,,,,,,,,
564,0.4283,2.4618,0.5252,,,,,,,,,,
565,0.4471,2.4594,0.5267,,,,,,,,,,
566,0.4075,2.4502,0.5262,,,,,,,,,,
567,0.4082,2.4536,0.5273,,,,,,,,,,
568,0.4445,2.454,0.5256,,,,,,,,,,
569,0.4167,2.4511,0.5259,,,,,,,,,,
570,0.4048,2.4532,0.5246,,,,,,,,,,
571,0.4415,2.4533,0.5242,,,,,,,,,,
572,0.4123,2.4578,0.5249,,,,,,,,,,
573,0.3978,2.4626,0.5239,,,,,,,,,,
574,0.3936,2.4604,0.5239,,,,,,,,,,
575,0.4105,2.4558,0.5254,,,,,,,,,,
576,0.433,2.4535,0.5264,,,,,,,,,,
577,0.4529,2.4476,0.5248,,,,,,,,,,
578,0.4056,2.4513,0.5256,,,,,,,,,,
579,0.3742,2.4543,0.5268,,,,,,,,,,
580,0.4165,2.4517,0.5263,,,,,,,,,,
581,0.4112,2.4516,0.5256,,,,,,,,,,
582,0.449,2.4442,0.5272,,,,,,,,,,
583,0.4414,2.4396,0.5265,,,,,,,,,,
584,0.4037,2.4515,0.5245,,,,,,,,,,
585,0.4872,2.4479,0.5259,,,,,,,,,,
586,0.455,2.4494,0.5257,,,,,,,,,,
587,0.4615,2.4459,0.5251,,,,,,,,,,
588,0.4283,2.4493,0.526,,,,,,,,,,
589,0.4163,2.4498,0.5254,,,,,,,,,,
590,0.4632,2.4507,0.5252,,,,,,,,,,
591,0.4341,2.4487,0.5263,,,,,,,,,,
592,0.4201,2.4485,0.525,,,,,,,,,,
593,0.4452,2.4523,0.5245,,,,,,,,,,
594,0.4135,2.4495,0.5244,,,,,,,,,,
595,0.4358,2.445,0.5246,,,,,,,,,,
596,0.4092,2.4486,0.5253,,,,,,,,,,
597,0.4499,2.4498,0.5253,,,,,,,,,,
598,0.4487,2.4474,0.526,,,,,,,,,,
599,0.4218,2.4486,0.524,,,,,,,,,,
600,0.3992,2.4463,0.5256,,,,,,,,,,
601,0.4387,2.4476,0.5261,,,,,,,,,,
602,0.4437,2.4476,0.5267,,,,,,,,,,
603,0.4596,2.4459,0.5248,,,,,,,,,,
604,0.4264,2.4466,0.5251,,,,,,,,,,
605,0.4446,2.4448,0.5252,,,,,,,,,,
606,0.5007,2.4437,0.5235,,,,,,,,,,
607,0.4318,2.4461,0.5247,,,,,,,,,,
608,0.4482,2.4427,0.5256,,,,,,,,,,
609,0.4456,2.4409,0.5254,,,,,,,,,,
610,0.449,2.4415,0.5249,,,,,,,,,,
611,0.4406,2.4404,0.5254,,,,,,,,,,
612,0.4591,2.4381,0.524,,,,,,,,,,
613,0.4044,2.4434,0.5255,,,,,,,,,,
614,0.4008,2.4454,0.5232,,,,,,,,,,
615,0.4845,2.4411,0.5249,,,,,,,,,,
616,0.4552,2.4376,0.524,,,,,,,,,,
617,0.4627,2.4383,0.5244,,,,,,,,,,
618,0.43,2.4401,0.524,,,,,,,,,,
619,0.4498,2.4392,0.525,,,,,,,,,,
620,0.4749,2.4424,0.5245,,,,,,,,,,
621,0.4146,2.4459,0.5248,,,,,,,,,,
622,0.4289,2.4461,0.5261,,,,,,,,,,
623,0.4337,2.4444,0.5249,,,,,,,,,,
624,0.4358,2.445,0.5257,,,,,,,,,,
625,0.4203,2.4469,0.5252,,,,,,,,,,
626,0.4704,2.4405,0.5258,,,,,,,,,,
627,0.4783,2.4367,0.5262,,,,,,,,,,
628,0.4353,2.4388,0.5255,,,,,,,,,,
629,0.3991,2.4379,0.5251,,,,,,,,,,
630,0.5149,2.4366,0.5248,,,,,,,,,,
631,0.4485,2.4334,0.5258,,,,,,,,,,
632,0.4435,2.4334,0.5241,,,,,,,,,,
633,0.4556,2.4335,0.5248,,,,,,,,,,
634,0.447,2.4349,0.5247,,,,,,,,,,
635,0.4529,2.4347,0.525,,,,,,,,,,
636,0.474,2.4366,0.5247,,,,,,,,,,
637,0.4771,2.4348,0.5242,,,,,,,,,,
638,0.4797,2.4343,0.5246,,,,,,,,,,
639,0.4597,2.4323,0.5246,,,,,,,,,,
640,0.4468,2.4303,0.5245,,,,,,,,,,
641,0.4809,2.4285,0.523,,,,,,,,,,
642,0.4439,2.4329,0.5231,,,,,,,,,,
643,0.4936,2.4338,0.5219,,,,,,,,,,
644,0.5196,2.4297,0.5228,,,,,,,,,,
645,0.4777,2.4292,0.5236,,,,,,,,,,
646,0.4871,2.4305,0.5237,,,,,,,,,,
647,0.4765,2.4271,0.5229,,,,,,,,,,
648,0.4686,2.4284,0.5233,,,,,,,,,,
649,0.4645,2.4282,0.5227,,,,,,,,,,
650,0.4488,2.4267,0.5239,,,,,,,,,,
651,0.4724,2.4247,0.5232,,,,,,,,,,
652,0.5021,2.423,0.5231,,,,,,,,,,
653,0.4778,2.4211,0.5238,,,,,,,,,,
654,0.4951,2.4208,0.5243,,,,,,,,,,
655,0.4549,2.4223,0.5237,,,,,,,,,,
656,0.489,2.421,0.524,,,,,,,,,,
657,0.5515,2.4202,0.5233,,,,,,,,,,
658,0.44,2.4208,0.5236,,,,,,,,,,
659,0.4857,2.419,0.5252,,,,,,,,,,
660,0.4891,2.4178,0.5233,,,,,,,,,,
661,0.4551,2.4186,0.5238,,,,,,,,,,
662,0.4413,2.4215,0.5224,,,,,,,,,,
663,0.4887,2.4207,0.5246,,,,,,,,,,
664,0.4838,2.4217,0.5255,,,,,,,,,,
665,0.4631,2.4208,0.5252,,,,,,,,,,
666,0.4462,2.4216,0.5243,,,,,,,,,,
667,0.512,2.419,0.5255,,,,,,,,,,
668,0.4479,2.421,0.5245,,,,,,,,,,
669,0.4611,2.4198,0.5256,,,,,,,,,,
670,0.4479,2.4201,0.5249,,,,,,,,,,
671,0.4996,2.4224,0.5249,,,,,,,,,,
672,0.4682,2.4209,0.524,,,,,,,,,,
673,0.468,2.4209,0.5242,,,,,,,,,,
674,0.468,2.4225,0.5245,,,,,,,,,,
675,0.5258,2.4189,0.5248,,,,,,,,,,
676,0.5198,2.418,0.5247,,,,,,,,,,
677,0.4493,2.4195,0.524,,,,,,,,,,
678,0.4093,2.4207,0.5246,,,,,,,,,,
679,0.4939,2.4196,0.5256,,,,,,,,,,
680,0.423,2.4223,0.5253,,,,,,,,,,
681,0.4931,2.4195,0.5246,,,,,,,,,,
682,0.4725,2.422,0.5232,,,,,,,,,,
683,0.4808,2.4223,0.5254,,,,,,,,,,
684,0.5253,2.4182,0.5248,,,,,,,,,,
685,0.4817,2.4184,0.5247,,,,,,,,,,
686,0.5,2.4186,0.5245,,,,,,,,,,
687,0.4721,2.4195,0.525,,,,,,,,,,
688,0.5099,2.4182,0.526,,,,,,,,,,
689,0.4201,2.4176,0.5253,,,,,,,,,,
690,0.465,2.4168,0.5254,,,,,,,,,,
691,0.5024,2.4137,0.5248,,,,,,,,,,
692,0.4601,2.416,0.5242,,,,,,,,,,
693,0.4502,2.4152,0.5247,,,,,,,,,,
694,0.5034,2.4163,0.5242,,,,,,,,,,
695,0.4826,2.4177,0.5242,,,,,,,,,,
696,0.4738,2.417,0.5244,,,,,,,,,,
697,0.5249,2.4153,0.5244,,,,,,,,,,
698,0.4702,2.4163,0.5253,,,,,,,,,,
699,0.4943,2.4156,0.5252,,,,,,,,,,
700,0.4624,2.4156,0.5256,,,,,,,,,,
701,0.5132,2.4172,0.5248,,,,,,,,,,
702,0.4928,2.4161,0.5241,,,,,,,,,,
703,0.4981,2.4189,0.5244,,,,,,,,,,
704,0.5329,2.415,0.5248,,,,,,,,,,
705,0.4795,2.4141,0.5254,,,,,,,,,,
706,0.5262,2.412,0.525,,,,,,,,,,
707,0.4852,2.4128,0.5248,,,,,,,,,,
708,0.4688,2.4145,0.5238,,,,,,,,,,
709,0.4937,2.4138,0.525,,,,,,,,,,
710,0.4909,2.4155,0.5238,,,,,,,,,,
711,0.4527,2.4162,0.5238,,,,,,,,,,
712,0.4469,2.4166,0.5241,,,,,,,,,,
713,0.4622,2.4172,0.5252,,,,,,,,,,
714,0.5021,2.4152,0.5255,,,,,,,,,,
715,0.4325,2.4171,0.5243,,,,,,,,,,
716,0.5375,2.4154,0.5261,,,,,,,,,,
717,0.478,2.4171,0.5243,,,,,,,,,,
718,0.4745,2.4155,0.525,,,,,,,,,,
719,0.4618,2.4171,0.5246,,,,,,,,,,
720,0.5025,2.4183,0.5248,,,,,,,,,,
721,0.5048,2.4182,0.5245,,,,,,,,,,
722,0.5121,2.4157,0.5248,,,,,,,,,,
723,0.4841,2.4148,0.5254,,,,,,,,,,
724,0.4602,2.4151,0.5245,,,,,,,,,,
725,0.4804,2.4158,0.5247,,,,,,,,,,
726,0.4802,2.4141,0.524,,,,,,,,,,
727,0.5245,2.4126,0.5239,,,,,,,,,,
728,0.529,2.4123,0.5231,,,,,,,,,,
729,0.4883,2.4109,0.5236,,,,,,,,,,
730,0.4901,2.4116,0.5242,,,,,,,,,,
731,0.4505,2.4121,0.5238,,,,,,,,,,
732,0.5177,2.4114,0.5242,,,,,,,,,,
733,0.4675,2.4112,0.5237,,,,,,,,,,
734,0.5236,2.4121,0.5235,,,,,,,,,,
735,0.512,2.4118,0.5242,,,,,,,,,,
736,0.5311,2.411,0.5234,,,,,,,,,,
737,0.5254,2.4091,0.5247,,,,,,,,,,
738,0.4931,2.4098,0.5239,,,,,,,,,,
739,0.5036,2.4092,0.5243,,,,,,,,,,
740,0.4719,2.4104,0.5237,,,,,,,,,,
741,0.5004,2.4099,0.5241,,,,,,,,,,
742,0.4917,2.4097,0.5242,,,,,,,,,,
743,0.4837,2.4079,0.5236,,,,,,,,,,
744,0.5031,2.408,0.524,,,,,,,,,,
745,0.513,2.4072,0.5239,,,,,,,,,,
746,0.5003,2.4074,0.5239,,,,,,,,,,
747,0.4888,2.4071,0.5246,,,,,,,,,,
748,0.5054,2.4071,0.5235,,,,,,,,,,
749,0.531,2.406,0.5235,,,,,,,,,,
750,0.4919,2.4063,0.5239,,,,,,,,,,
751,0.513,2.4061,0.5244,,,,,,,,,,
752,0.5014,2.4057,0.5247,,,,,,,,,,
753,0.4783,2.4054,0.524,,,,,,,,,,
754,0.4949,2.4057,0.524,,,,,,,,,,
755,0.4928,2.4065,0.5241,,,,,,,,,,
756,0.509,2.4062,0.5242,,,,,,,,,,
757,0.4458,2.4065,0.5241,,,,,,,,,,
758,0.5229,2.4065,0.5251,,,,,,,,,,
759,0.4994,2.406,0.5241,,,,,,,,,,
760,0.4653,2.4055,0.5244,,,,,,,,,,
761,0.4828,2.4051,0.5248,,,,,,,,,,
762,0.5469,2.4044,0.5244,,,,,,,,,,
763,0.5002,2.4049,0.5243,,,,,,,,,,
764,0.4816,2.4057,0.5249,,,,,,,,,,
765,0.4798,2.4058,0.525,,,,,,,,,,
766,0.5351,2.4045,0.5242,,,,,,,,,,
767,0.5305,2.4041,0.5244,,,,,,,,,,
768,0.4988,2.4056,0.5244,,,,,,,,,,
769,0.5177,2.4055,0.5244,,,,,,,,,,
770,0.5206,2.4046,0.5243,,,,,,,,,,
771,0.5368,2.4036,0.5243,,,,,,,,,,
772,0.5193,2.4036,0.5244,,,,,,,,,,
773,0.5384,2.4046,0.5242,,,,,,,,,,
774,0.4801,2.4039,0.5236,,,,,,,,,,
775,0.5208,2.4046,0.5238,,,,,,,,,,
776,0.5637,2.4043,0.5231,,,,,,,,,,
777,0.4675,2.405,0.5231,,,,,,,,,,
778,0.4792,2.4058,0.523,,,,,,,,,,
779,0.4921,2.4068,0.5229,,,,,,,,,,
780,0.5102,2.4064,0.5235,,,,,,,,,,
781,0.4728,2.4065,0.5238,,,,,,,,,,
782,0.5763,2.4067,0.5244,,,,,,,,,,
783,0.5,2.4055,0.524,,,,,,,,,,
784,0.4866,2.4051,0.5238,,,,,,,,,,
785,0.503,2.406,0.5233,,,,,,,,,,
786,0.5023,2.4052,0.5238,,,,,,,,,,
787,0.4228,2.4061,0.5241,,,,,,,,,,
788,0.4842,2.4065,0.5242,,,,,,,,,,
789,0.4661,2.407,0.524,,,,,,,,,,
790,0.5037,2.4066,0.5245,,,,,,,,,,
791,0.496,2.4064,0.5246,,,,,,,,,,
792,0.51,2.4062,0.5254,,,,,,,,,,
793,0.5152,2.4065,0.5248,,,,,,,,,,
794,0.5149,2.4059,0.5236,,,,,,,,,,
795,0.5387,2.4048,0.5233,,,,,,,,,,
796,0.5069,2.4052,0.5241,,,,,,,,,,
797,0.4701,2.4054,0.5232,,,,,,,,,,
798,0.4947,2.4054,0.5231,,,,,,,,,,
799,0.4686,2.4049,0.5236,,,,,,,,,,
800,0.4578,2.4043,0.5245,,,,,,,,,,
801,0.5239,2.4035,0.5245,,,,,,,,,,
802,0.5022,2.404,0.5242,,,,,,,,,,
803,0.4925,2.4042,0.5238,,,,,,,,,,
804,0.4958,2.4038,0.5252,,,,,,,,,,
805,0.4957,2.4034,0.5258,,,,,,,,,,
806,0.5264,2.4032,0.5248,,,,,,,,,,
807,0.4557,2.4031,0.5245,,,,,,,,,,
808,0.5041,2.4028,0.5243,,,,,,,,,,
809,0.5243,2.4028,0.5246,,,,,,,,,,
810,0.5032,2.403,0.5241,,,,,,,,,,
811,0.4966,2.403,0.5241,,,,,,,,,,
812,0.53,2.403,0.5239,,,,,,,,,,
813,0.5325,2.4026,0.5235,,,,,,,,,,
814,0.5214,2.4027,0.5242,,,,,,,,,,
815,0.457,2.4026,0.5242,,,,,,,,,,
816,0.5232,2.402,0.5236,,,,,,,,,,
817,0.523,2.4022,0.5229,,,,,,,,,,
818,0.5366,2.4016,0.5246,,,,,,,,,,
819,0.5168,2.4015,0.5239,,,,,,,,,,
820,0.4891,2.4022,0.5236,,,,,,,,,,
821,0.4844,2.402,0.5231,,,,,,,,,,
822,0.4905,2.4029,0.5232,,,,,,,,,,
823,0.5311,2.4027,0.5233,,,,,,,,,,
824,0.5169,2.4028,0.5228,,,,,,,,,,
825,0.48,2.4032,0.5227,,,,,,,,,,
826,0.5198,2.4034,0.5231,,,,,,,,,,
827,0.4962,2.4037,0.5235,,,,,,,,,,
828,0.459,2.4037,0.5232,,,,,,,,,,
829,0.5103,2.4031,0.5238,,,,,,,,,,
830,0.4767,2.4032,0.5233,,,,,,,,,,
831,0.5245,2.4031,0.5235,,,,,,,,,,
832,0.5157,2.4028,0.5238,,,,,,,,,,
833,0.5098,2.4024,0.5235,,,,,,,,,,
834,0.4713,2.4023,0.5237,,,,,,,,,,
835,0.5093,2.402,0.5236,,,,,,,,,,
836,0.5367,2.4019,0.5237,,,,,,,,,,
837,0.5094,2.4013,0.524,,,,,,,,,,
838,0.5098,2.4007,0.524,,,,,,,,,,
839,0.5252,2.4003,0.524,,,,,,,,,,
840,0.5086,2.4002,0.5235,,,,,,,,,,
841,0.5139,2.4002,0.5238,,,,,,,,,,
842,0.5802,2.3997,0.5236,,,,,,,,,,
843,0.499,2.3996,0.524,,,,,,,,,,
844,0.516,2.3994,0.5235,,,,,,,,,,
845,0.4735,2.3999,0.5236,,,,,,,,,,
846,0.5242,2.3999,0.5237,,,,,,,,,,
847,0.5524,2.3989,0.5236,,,,,,,,,,
848,0.521,2.3993,0.524,,,,,,,,,,
849,0.48,2.3998,0.524,,,,,,,,,,
850,0.5087,2.3997,0.5239,,,,,,,,,,
851,0.5025,2.3993,0.524,,,,,,,,,,
852,0.4811,2.3999,0.5241,,,,,,,,,,
853,0.484,2.4003,0.5241,,,,,,,,,,
854,0.5334,2.4,0.5241,,,,,,,,,,
855,0.4784,2.4,0.5237,,,,,,,,,,
856,0.5871,2.3996,0.5241,,,,,,,,,,
857,0.4589,2.4001,0.5242,,,,,,,,,,
858,0.4766,2.4002,0.524,,,,,,,,,,
859,0.5452,2.3998,0.5239,,,,,,,,,,
860,0.4905,2.3999,0.5237,,,,,,,,,,
861,0.5385,2.3999,0.5238,,,,,,,,,,
862,0.5355,2.3994,0.524,,,,,,,,,,
863,0.4876,2.3996,0.5246,,,,,,,,,,
864,0.5313,2.3992,0.5243,,,,,,,,,,
865,0.522,2.3991,0.5245,,,,,,,,,,
866,0.5096,2.3989,0.5249,,,,,,,,,,
867,0.4875,2.3991,0.5241,,,,,,,,,,
868,0.4795,2.3994,0.5243,,,,,,,,,,
869,0.52,2.3995,0.524,,,,,,,,,,
870,0.5596,2.3993,0.5242,,,,,,,,,,
871,0.5565,2.3992,0.5238,,,,,,,,,,
872,0.5183,2.3992,0.5238,,,,,,,,,,
873,0.5424,2.3994,0.5239,,,,,,,,,,
874,0.5256,2.3993,0.524,,,,,,,,,,
875,0.5475,2.3987,0.5242,,,,,,,,,,
876,0.4904,2.3988,0.5241,,,,,,,,,,
877,0.5761,2.3983,0.5241,,,,,,,,,,
878,0.5147,2.3978,0.5242,,,,,,,,,,
879,0.4987,2.3978,0.524,,,,,,,,,,
880,0.5338,2.3978,0.5241,,,,,,,,,,
881,0.5204,2.398,0.5239,,,,,,,,,,
882,0.5153,2.3977,0.5235,,,,,,,,,,
883,0.491,2.3977,0.524,,,,,,,,,,
884,0.5191,2.3978,0.5237,,,,,,,,,,
885,0.5013,2.3975,0.5237,,,,,,,,,,
886,0.5403,2.3974,0.5242,,,,,,,,,,
887,0.5462,2.3969,0.5239,,,,,,,,,,
888,0.4519,2.3975,0.5237,,,,,,,,,,
889,0.4957,2.3971,0.5242,,,,,,,,,,
890,0.5111,2.3973,0.5238,,,,,,,,,,
891,0.511,2.3974,0.5239,,,,,,,,,,
892,0.4925,2.3973,0.5238,,,,,,,,,,
893,0.5064,2.3975,0.5238,,,,,,,,,,
894,0.5349,2.3977,0.5237,,,,,,,,,,
895,0.5155,2.3977,0.5241,,,,,,,,,,
896,0.5012,2.3976,0.5242,,,,,,,,,,
897,0.5461,2.3975,0.5241,,,,,,,,,,
898,0.529,2.3973,0.5241,,,,,,,,,,
899,0.5289,2.3971,0.5244,,,,,,,,,,
900,0.5118,2.397,0.5247,,,,,,,,,,
901,0.5492,2.3966,0.5242,,,,,,,,,,
902,0.5336,2.3966,0.5243,,,,,,,,,,
903,0.5162,2.3965,0.5243,,,,,,,,,,
904,0.5337,2.3968,0.5238,,,,,,,,,,
905,0.5229,2.3968,0.5237,,,,,,,,,,
906,0.484,2.3969,0.5244,,,,,,,,,,
907,0.4928,2.3974,0.5241,,,,,,,,,,
908,0.5059,2.3975,0.5242,,,,,,,,,,
909,0.483,2.3975,0.5239,,,,,,,,,,
910,0.5522,2.3973,0.5243,,,,,,,,,,
911,0.4982,2.3974,0.524,,,,,,,,,,
912,0.5608,2.3974,0.524,,,,,,,,,,
913,0.4919,2.3976,0.5243,,,,,,,,,,
914,0.5153,2.3976,0.5246,,,,,,,,,,
915,0.5646,2.3974,0.5244,,,,,,,,,,
916,0.4948,2.3972,0.5246,,,,,,,,,,
917,0.4738,2.3971,0.5243,,,,,,,,,,
918,0.5452,2.3968,0.5243,,,,,,,,,,
919,0.505,2.3968,0.5246,,,,,,,,,,
920,0.5484,2.3964,0.5242,,,,,,,,,,
921,0.4876,2.3968,0.5245,,,,,,,,,,
922,0.5407,2.3968,0.5245,,,,,,,,,,
923,0.4753,2.3969,0.5243,,,,,,,,,,
924,0.5318,2.3965,0.5244,,,,,,,,,,
925,0.4993,2.3965,0.5243,,,,,,,,,,
926,0.561,2.3962,0.5246,,,,,,,,,,
927,0.5218,2.3959,0.5245,,,,,,,,,,
928,0.5472,2.3958,0.5245,,,,,,,,,,
929,0.5304,2.3959,0.5244,,,,,,,,,,
930,0.5156,2.3958,0.5241,,,,,,,,,,
931,0.4734,2.3959,0.5241,,,,,,,,,,
932,0.5234,2.3958,0.5239,,,,,,,,,,
933,0.4853,2.396,0.524,,,,,,,,,,
934,0.5071,2.396,0.5242,,,,,,,,,,
935,0.462,2.3961,0.5242,,,,,,,,,,
936,0.5159,2.3962,0.5242,,,,,,,,,,
937,0.4814,2.3959,0.5242,,,,,,,,,,
938,0.5482,2.3957,0.524,,,,,,,,,,
939,0.4786,2.3958,0.5243,,,,,,,,,,
940,0.5372,2.3956,0.5244,,,,,,,,,,
941,0.5316,2.3954,0.5242,,,,,,,,,,
942,0.5156,2.3954,0.5241,,,,,,,,,,
943,0.5178,2.3954,0.5239,,,,,,,,,,
944,0.4788,2.3954,0.524,,,,,,,,,,
945,0.4988,2.3954,0.5241,,,,,,,,,,
946,0.5273,2.3954,0.5241,,,,,,,,,,
947,0.5351,2.3954,0.5239,,,,,,,,,,
948,0.5296,2.3954,0.5241,,,,,,,,,,
949,0.5161,2.3954,0.5242,,,,,,,,,,
950,0.5359,2.3951,0.5242,,,,,,,,,,
951,0.5212,2.3949,0.5242,,,,,,,,,,
952,0.5475,2.395,0.5243,,,,,,,,,,
953,0.5445,2.3949,0.5242,,,,,,,,,,
954,0.5032,2.3948,0.5244,,,,,,,,,,
955,0.4789,2.3947,0.5246,,,,,,,,,,
956,0.5327,2.3947,0.5243,,,,,,,,,,
957,0.4952,2.3947,0.524,,,,,,,,,,
958,0.487,2.3948,0.524,,,,,,,,,,
959,0.5159,2.3948,0.5242,,,,,,,,,,
960,0.5456,2.3946,0.5243,,,,,,,,,,
961,0.5145,2.3948,0.5243,,,,,,,,,,
962,0.4634,2.395,0.5242,,,,,,,,,,
963,0.5046,2.3949,0.5241,,,,,,,,,,
964,0.4978,2.3948,0.5242,,,,,,,,,,
965,0.5405,2.3947,0.5239,,,,,,,,,,
966,0.5344,2.3947,0.5239,,,,,,,,,,
967,0.4921,2.3946,0.5239,,,,,,,,,,
968,0.5184,2.3948,0.5242,,,,,,,,,,
969,0.4983,2.3947,0.5242,,,,,,,,,,
970,0.4839,2.3948,0.5243,,,,,,,,,,
971,0.5116,2.3948,0.5241,,,,,,,,,,
972,0.5721,2.3948,0.5241,,,,,,,,,,
973,0.4735,2.3949,0.5242,,,,,,,,,,
974,0.5135,2.395,0.524,,,,,,,,,,
975,0.5272,2.395,0.5243,,,,,,,,,,
976,0.5551,2.3949,0.5239,,,,,,,,,,
977,0.5106,2.3949,0.5239,,,,,,,,,,
978,0.5073,2.3949,0.5237,,,,,,,,,,
979,0.5508,2.3948,0.524,,,,,,,,,,
980,0.5093,2.3947,0.5238,,,,,,,,,,
981,0.5184,2.3947,0.5238,,,,,,,,,,
982,0.4286,2.3949,0.5239,,,,,,,,,,
983,0.5315,2.3949,0.5241,,,,,,,,,,
984,0.4883,2.3949,0.5241,,,,,,,,,,
985,0.4679,2.3951,0.5241,,,,,,,,,,
986,0.5529,2.395,0.5239,,,,,,,,,,
987,0.5054,2.395,0.5239,,,,,,,,,,
988,0.5273,2.3951,0.5238,,,,,,,,,,
989,0.5231,2.395,0.5238,,,,,,,,,,
990,0.5344,2.395,0.5239,,,,,,,,,,
991,0.4571,2.3952,0.5239,,,,,,,,,,
992,0.5272,2.3953,0.524,,,,,,,,,,
993,0.5879,2.3951,0.5235,,,,,,,,,,
994,0.4936,2.3951,0.5241,,,,,,,,,,
995,0.5198,2.395,0.5239,,,,,,,,,,
996,0.545,2.3948,0.5242,,,,,,,,,,
997,0.5033,2.3948,0.5237,,,,,,,,,,
998,0.5357,2.3948,0.524,,,,,,,,,,
999,0.5463,2.3947,0.5238,,,,,,,,,,
1000,0.52,2.3948,0.5237,,,,,,,,,,
1001,0.5445,2.3948,0.5238,,,,,,,,,,
1002,0.4715,2.3948,0.5236,,,,,,,,,,
1003,0.5388,2.3946,0.5236,,,,,,,,,,
1004,0.5455,2.3946,0.5237,,,,,,,,,,
1005,0.5145,2.3946,0.5237,,,,,,,,,,
1006,0.553,2.3945,0.5235,,,,,,,,,,
1007,0.4706,2.3946,0.5237,,,,,,,,,,
1008,0.5048,2.3945,0.5236,,,,,,,,,,
1009,0.4859,2.3946,0.5236,,,,,,,,,,
1010,0.5416,2.3946,0.5236,,,,,,,,,,
1011,0.5053,2.3946,0.5239,,,,,,,,,,
1012,0.5022,2.3946,0.5234,,,,,,,,,,
1013,0.5288,2.3945,0.524,,,,,,,,,,
1014,0.53,2.3945,0.5238,,,,,,,,,,
1015,0.5438,2.3945,0.5238,,,,,,,,,,
1016,0.5155,2.3946,0.5238,,,,,,,,,,
1017,0.5327,2.3945,0.524,,,,,,,,,,
1018,0.5145,2.3944,0.5239,,,,,,,,,,
1019,0.5558,2.3944,0.524,,,,,,,,,,
1020,0.5162,2.3945,0.5238,,,,,,,,,,
1021,0.5765,2.3945,0.5238,,,,,,,,,,
1022,0.4781,2.3945,0.5239,,,,,,,,,,
1023,0.5004,2.3946,0.5241,,,,,,,,,,
1024,0.5515,2.3945,0.524,,,,,,,,,,
1025,0.5009,2.3945,0.524,,,,,,,,,,
1026,0.4637,2.3945,0.5239,,,,,,,,,,
1027,0.525,2.3945,0.5241,,,,,,,,,,
1028,0.5143,2.3945,0.5238,,,,,,,,,,
1029,0.4701,2.3946,0.5239,,,,,,,,,,
1030,0.5295,2.3945,0.5242,,,,,,,,,,
1031,0.5367,2.3945,0.5243,,,,,,,,,,
1032,0.5354,2.3944,0.5241,,,,,,,,,,
1033,0.5115,2.3943,0.5244,,,,,,,,,,
1034,0.5047,2.3944,0.524,,,,,,,,,,
1035,0.5315,2.3943,0.5241,,,,,,,,,,
1036,0.5564,2.3943,0.5243,,,,,,,,,,
1037,0.5166,2.3943,0.5242,,,,,,,,,,
1038,0.49,2.3943,0.5242,,,,,,,,,,
1039,0.5167,2.3943,0.5242,,,,,,,,,,
1040,0.4847,2.3944,0.5243,,,,,,,,,,
1041,0.471,2.3944,0.5245,,,,,,,,,,
1042,0.482,2.3944,0.5244,,,,,,,,,,
1043,0.4754,2.3944,0.5243,,,,,,,,,,
1044,0.563,2.3943,0.5241,,,,,,,,,,
1045,0.4955,2.3944,0.5241,,,,,,,,,,
1046,0.5449,2.3943,0.5242,,,,,,,,,,
1047,0.5094,2.3943,0.5242,,,,,,,,,,
1048,0.5252,2.3943,0.524,,,,,,,,,,
1049,0.5045,2.3943,0.5243,,,,,,,,,,
1050,0.4929,2.3944,0.5242,,,,,,,,,,
1051,0.4921,2.3943,0.5242,,,,,,,,,,
1052,0.5604,2.3943,0.5242,,,,,,,,,,
1053,0.5427,2.3943,0.524,,,,,,,,,,
1054,0.5877,2.3942,0.524,,,,,,,,,,
1055,0.5056,2.3943,0.524,,,,,,,,,,
1056,0.4859,2.3943,0.524,,,,,,,,,,
1057,0.5234,2.3943,0.5239,,,,,,,,,,
1058,0.5314,2.3942,0.5242,,,,,,,,,,
1059,0.5281,2.3942,0.524,,,,,,,,,,
1060,0.5073,2.3942,0.5238,,,,,,,,,,
1061,0.5792,2.3941,0.5239,,,,,,,,,,
1062,0.5191,2.394,0.5239,,,,,,,,,,
1063,0.4584,2.3941,0.5238,,,,,,,,,,
1064,0.5465,2.3941,0.5238,,,,,,,,,,
1065,0.5161,2.3941,0.5238,,,,,,,,,,
1066,0.5462,2.3941,0.5237,,,,,,,,,,
1067,0.5044,2.3942,0.5237,,,,,,,,,,
1068,0.5102,2.3941,0.5236,,,,,,,,,,
1069,0.5149,2.3942,0.5236,,,,,,,,,,
1070,0.5082,2.3942,0.5238,,,,,,,,,,
1071,0.5249,2.3942,0.5239,,,,,,,,,,
1072,0.5034,2.3942,0.5239,,,,,,,,,,
1073,0.5275,2.3941,0.5239,,,,,,,,,,
1074,0.4982,2.3941,0.5238,,,,,,,,,,
1075,0.496,2.3941,0.5238,,,,,,,,,,
1076,0.5071,2.3942,0.524,,,,,,,,,,
1077,0.4693,2.3942,0.524,,,,,,,,,,
1078,0.5615,2.3942,0.5239,,,,,,,,,,
1079,0.5615,2.3942,0.5239,,,,,,,,,,
1080,0.5579,2.3941,0.5239,,,,,,,,,,
1081,0.4843,2.3941,0.5239,,,,,,,,,,
1082,0.527,2.3941,0.5239,,,,,,,,,,
1083,0.5206,2.3941,0.5238,,,,,,,,,,
1084,0.5437,2.3941,0.5239,,,,,,,,,,
1085,0.549,2.3941,0.5239,,,,,,,,,,
1086,0.4884,2.3941,0.5239,,,,,,,,,,
1087,0.4637,2.3941,0.5239,,,,,,,,,,
1088,0.5557,2.394,0.524,,,,,,,,,,
1089,0.4905,2.3941,0.5239,,,,,,,,,,
1090,0.5249,2.3941,0.5239,,,,,,,,,,
1091,0.4473,2.3941,0.5241,,,,,,,,,,
1092,0.5744,2.394,0.5239,,,,,,,,,,
1093,0.5013,2.394,0.524,,,,,,,,,,
1094,0.5596,2.3941,0.5242,,,,,,,,,,
1095,0.5164,2.394,0.524,,,,,,,,,,
1096,0.5401,2.394,0.5239,,,,,,,,,,
1097,0.5428,2.394,0.524,,,,,,,,,,
1098,0.5325,2.394,0.524,,,,,,,,,,
1099,0.4999,2.394,0.524,,,,,,,,,,
1100,0.4994,2.394,0.5239,,,,,,,,,,
1101,0.5011,2.394,0.5238,,,,,,,,,,
1102,0.5409,2.394,0.5238,,,,,,,,,,
1103,0.5326,2.3939,0.5238,,,,,,,,,,
1104,0.5507,2.3939,0.5237,,,,,,,,,,
1105,0.531,2.3939,0.5238,,,,,,,,,,
1106,0.4809,2.3939,0.5237,,,,,,,,,,
1107,0.5175,2.394,0.5238,,,,,,,,,,
1108,0.543,2.3939,0.5239,,,,,,,,,,
1109,0.506,2.3939,0.5238,,,,,,,,,,
1110,0.5083,2.3939,0.5238,,,,,,,,,,
1111,0.5125,2.3939,0.5239,,,,,,,,,,
1112,0.4863,2.394,0.5239,,,,,,,,,,
1113,0.5132,2.394,0.5238,,,,,,,,,,
1114,0.4813,2.394,0.5239,,,,,,,,,,
1115,0.4943,2.394,0.5239,,,,,,,,,,
1116,0.5569,2.3939,0.5238,,,,,,,,,,
1117,0.4963,2.3939,0.5238,,,,,,,,,,
1118,0.5146,2.394,0.5237,,,,,,,,,,
1119,0.5572,2.3939,0.5238,,,,,,,,,,
1120,0.5763,2.3939,0.5238,,,,,,,,,,
1121,0.4927,2.3939,0.5237,,,,,,,,,,
1122,0.5336,2.3939,0.5237,,,,,,,,,,
1123,0.529,2.3939,0.5236,,,,,,,,,,
1124,0.524,2.3939,0.5237,,,,,,,,,,
1125,0.5428,2.3939,0.5236,,,,,,,,,,
1126,0.4966,2.394,0.5237,,,,,,,,,,
1127,0.5559,2.3939,0.5236,,,,,,,,,,
1128,0.4759,2.394,0.5238,,,,,,,,,,
1129,0.4859,2.394,0.5238,,,,,,,,,,
1130,0.4936,2.394,0.5236,,,,,,,,,,
1131,0.4699,2.394,0.5237,,,,,,,,,,
1132,0.5338,2.394,0.5237,,,,,,,,,,
1133,0.482,2.394,0.5236,,,,,,,,,,
1134,0.5197,2.394,0.5236,,,,,,,,,,
1135,0.4952,2.394,0.5238,,,,,,,,,,
1136,0.5398,2.394,0.5239,,,,,,,,,,
1137,0.5409,2.3939,0.5238,,,,,,,,,,
1138,0.5305,2.3939,0.524,,,,,,,,,,
1139,0.5193,2.394,0.5238,,,,,,,,,,
1140,0.544,2.394,0.5239,,,,,,,,,,
1141,0.5081,2.394,0.5238,,,,,,,,,,
1142,0.5636,2.3939,0.5237,,,,,,,,,,
1143,0.5637,2.3939,0.5238,,,,,,,,,,
1144,0.5185,2.3939,0.5238,,,,,,,,,,
1145,0.5349,2.3939,0.5238,,,,,,,,,,
1146,0.535,2.3939,0.5239,,,,,,,,,,
1147,0.5306,2.3939,0.5239,,,,,,,,,,
1148,0.5242,2.3939,0.5238,,,,,,,,,,
1149,0.5113,2.3939,0.5237,,,,,,,,,,
1150,0.5389,2.3939,0.5237,,,,,,,,,,
1151,0.4967,2.3939,0.5238,,,,,,,,,,
1152,0.5306,2.3939,0.5238,,,,,,,,,,
1153,0.492,2.3939,0.5238,,,,,,,,,,
1154,0.5267,2.3939,0.5239,,,,,,,,,,
1155,0.5476,2.3939,0.5237,,,,,,,,,,
1156,0.5148,2.3939,0.5237,,,,,,,,,,
1157,0.5281,2.3939,0.5236,,,,,,,,,,
1158,0.5273,2.3939,0.5236,,,,,,,,,,
1159,0.4861,2.3939,0.5237,,,,,,,,,,
1160,0.5814,2.3939,0.5236,,,,,,,,,,
1161,0.4612,2.3939,0.5236,,,,,,,,,,
1162,0.5007,2.3938,0.5236,,,,,,,,,,
1163,0.537,2.3938,0.5236,,,,,,,,,,
1164,0.502,2.3938,0.5236,,,,,,,,,,
1165,0.5068,2.3938,0.5236,,,,,,,,,,
1166,0.5399,2.3938,0.5236,,,,,,,,,,
1167,0.5116,2.3938,0.5236,,,,,,,,,,
1168,0.5343,2.3938,0.5238,,,,,,,,,,
1169,0.4932,2.3938,0.5237,,,,,,,,,,
1170,0.4762,2.3938,0.5238,,,,,,,,,,
1171,0.546,2.3938,0.5237,,,,,,,,,,
1172,0.5086,2.3938,0.5236,,,,,,,,,,
1173,0.5466,2.3937,0.5237,,,,,,,,,,
1174,0.5188,2.3938,0.5236,,,,,,,,,,
1175,0.5054,2.3937,0.5236,,,,,,,,,,
1176,0.5142,2.3937,0.5236,,,,,,,,,,
1177,0.5337,2.3937,0.5235,,,,,,,,,,
1178,0.4875,2.3937,0.5236,,,,,,,,,,
1179,0.5184,2.3937,0.5237,,,,,,,,,,
1180,0.4772,2.3937,0.5237,,,,,,,,,,
1181,0.4748,2.3937,0.5236,,,,,,,,,,
1182,0.5528,2.3937,0.5237,,,,,,,,,,
1183,0.4768,2.3937,0.5238,,,,,,,,,,
1184,0.4944,2.3937,0.5238,,,,,,,,,,
1185,0.5158,2.3937,0.5237,,,,,,,,,,
1186,0.4898,2.3937,0.5238,,,,,,,,,,
1187,0.5342,2.3937,0.5238,,,,,,,,,,
1188,0.4701,2.3937,0.5236,,,,,,,,,,
1189,0.5093,2.3937,0.5236,,,,,,,,,,
1190,0.5189,2.3937,0.5236,,,,,,,,,,
1191,0.5219,2.3937,0.5237,,,,,,,,,,
1192,0.5262,2.3937,0.5236,,,,,,,,,,
1193,0.5276,2.3937,0.5236,,,,,,,,,,
1194,0.4865,2.3937,0.5236,,,,,,,,,,
1195,0.5438,2.3937,0.5236,,,,,,,,,,
1196,0.4903,2.3937,0.5236,,,,,,,,,,
1197,0.4952,2.3937,0.5236,,,,,,,,,,
1198,0.5479,2.3937,0.5238,,,,,,,,,,
1199,0.5505,2.3937,0.5237,,,,,,,,,,
1200,0.4707,2.3938,0.5236,,,,,,,,,,
1201,0.541,2.3937,0.5236,,,,,,,,,,
1202,0.5034,2.3937,0.5236,,,,,,,,,,
1203,0.516,2.3937,0.5236,,,,,,,,,,
1204,0.495,2.3937,0.5237,,,,,,,,,,
1205,0.5095,2.3937,0.5237,,,,,,,,,,
1206,0.5254,2.3937,0.5237,,,,,,,,,,
1207,0.512,2.3937,0.5237,,,,,,,,,,
1208,0.5308,2.3937,0.5237,,,,,,,,,,
1209,0.5458,2.3937,0.5236,,,,,,,,,,
1210,0.5157,2.3937,0.5237,,,,,,,,,,
1211,0.5523,2.3937,0.5237,,,,,,,,,,
1212,0.4935,2.3937,0.5236,,,,,,,,,,
1213,0.4834,2.3937,0.5236,,,,,,,,,,
1214,0.5033,2.3937,0.5236,,,,,,,,,,
1215,0.5144,2.3937,0.5236,,,,,,,,,,
1216,0.4661,2.3937,0.5237,,,,,,,,,,
1217,0.5147,2.3937,0.5236,,,,,,,,,,
1218,0.5498,2.3937,0.5236,,,,,,,,,,
1219,0.504,2.3937,0.5238,,,,,,,,,,
1220,0.5053,2.3937,0.5236,,,,,,,,,,
1221,0.4638,2.3937,0.5237,,,,,,,,,,
1222,0.4872,2.3937,0.5236,,,,,,,,,,
1223,0.456,2.3937,0.5238,,,,,,,,,,
1224,0.5167,2.3937,0.5237,,,,,,,,,,
1225,0.4897,2.3937,0.5237,,,,,,,,,,
1226,0.4904,2.3937,0.5237,,,,,,,,,,
1227,0.5113,2.3937,0.5237,,,,,,,,,,
1228,0.5299,2.3937,0.5236,,,,,,,,,,
1229,0.5204,2.3937,0.5236,,,,,,,,,,
1230,0.5529,2.3937,0.5237,,,,,,,,,,
1231,0.4705,2.3937,0.5237,,,,,,,,,,
1232,0.4873,2.3937,0.5237,,,,,,,,,,
1233,0.4872,2.3937,0.5238,,,,,,,,,,
1234,0.5565,2.3937,0.5238,,,,,,,,,,
1235,0.5188,2.3937,0.5237,,,,,,,,,,
1236,0.5716,2.3937,0.5236,,,,,,,,,,
1237,0.5389,2.3937,0.5237,,,,,,,,,,
1238,0.543,2.3937,0.5238,,,,,,,,,,
1239,0.5507,2.3937,0.5236,,,,,,,,,,
1240,0.5162,2.3937,0.5237,,,,,,,,,,
1241,0.4701,2.3937,0.5238,,,,,,,,,,
1242,0.5514,2.3936,0.5238,,,,,,,,,,
1243,0.5066,2.3936,0.5238,,,,,,,,,,
1244,0.5133,2.3937,0.5238,,,,,,,,,,
1245,0.4872,2.3936,0.5238,,,,,,,,,,
1246,0.4916,2.3937,0.5237,,,,,,,,,,
1247,0.5078,2.3936,0.5238,,,,,,,,,,
1248,0.5507,2.3936,0.5238,,,,,,,,,,
1249,0.5,2.3936,0.5237,,,,,,,,,,
1250,0.5123,2.3936,0.5238,,,,,,,,,,
1251,0.5289,2.3936,0.5237,,,,,,,,,,
1252,0.5209,2.3936,0.5236,,,,,,,,,,
1253,0.5005,2.3936,0.5237,,,,,,,,,,
1254,0.5086,2.3936,0.5236,,,,,,,,,,
1255,0.5244,2.3936,0.5235,,,,,,,,,,
1256,0.5058,2.3936,0.5237,,,,,,,,,,
1257,0.4917,2.3936,0.5238,,,,,,,,,,
1258,0.4762,2.3937,0.5237,,,,,,,,,,
1259,0.4974,2.3937,0.5238,,,,,,,,,,
1260,0.5169,2.3936,0.5238,,,,,,,,,,
1261,0.501,2.3936,0.5238,,,,,,,,,,
1262,0.5196,2.3936,0.5238,,,,,,,,,,
1263,0.5027,2.3936,0.5237,,,,,,,,,,
1264,0.559,2.3936,0.5238,,,,,,,,,,
1265,0.5373,2.3936,0.5238,,,,,,,,,,
1266,0.5306,2.3936,0.5238,,,,,,,,,,
1267,0.5433,2.3936,0.5236,,,,,,,,,,
1268,0.5175,2.3936,0.5237,,,,,,,,,,
1269,0.5045,2.3936,0.5236,,,,,,,,,,
1270,0.5451,2.3936,0.5237,,,,,,,,,,
1271,0.5203,2.3936,0.5236,,,,,,,,,,
1272,0.5116,2.3936,0.5237,,,,,,,,,,
1273,0.5244,2.3936,0.5237,,,,,,,,,,
1274,0.5087,2.3936,0.5238,,,,,,,,,,
1275,0.505,2.3936,0.5237,,,,,,,,,,
1276,0.4857,2.3936,0.5237,,,,,,,,,,
1277,0.4723,2.3936,0.5237,,,,,,,,,,
1278,0.5342,2.3936,0.5238,,,,,,,,,,
1279,0.5374,2.3936,0.5237,,,,,,,,,,
1280,0.5364,2.3936,0.5236,,,,,,,,,,
1281,0.5353,2.3936,0.5238,,,,,,,,,,
1282,0.5068,2.3936,0.5237,,,,,,,,,,
1283,0.4633,2.3936,0.5237,,,,,,,,,,
1284,0.518,2.3936,0.5237,,,,,,,,,,
1285,0.5086,2.3936,0.5237,,,,,,,,,,
1286,0.5278,2.3936,0.5238,,,,,,,,,,
1287,0.5764,2.3936,0.5236,,,,,,,,,,
1288,0.5065,2.3936,0.5238,,,,,,,,,,
1289,0.5333,2.3936,0.5238,,,,,,,,,,
1290,0.4571,2.3936,0.5238,,,,,,,,,,
1291,0.5958,2.3936,0.5237,,,,,,,,,,
1292,0.5002,2.3936,0.5238,,,,,,,,,,
1293,0.5348,2.3936,0.5238,,,,,,,,,,
1294,0.5282,2.3936,0.5238,,,,,,,,,,
1295,0.5416,2.3936,0.5237,,,,,,,,,,
1296,0.5149,2.3936,0.5238,,,,,,,,,,
1297,0.4785,2.3936,0.5237,,,,,,,,,,
1298,0.5236,2.3936,0.5237,,,,,,,,,,
1299,0.5233,2.3936,0.5238,,,,,,,,,,
1300,0.5454,2.3936,0.5237,,,,,,,,,,
1301,0.54,2.3936,0.5237,,,,,,,,,,
1302,0.5213,2.3936,0.5237,,,,,,,,,,
1303,0.4998,2.3936,0.5238,,,,,,,,,,
1304,0.4864,2.3937,0.5238,,,,,,,,,,
1305,0.458,2.3936,0.5237,,,,,,,,,,
1306,0.5104,2.3937,0.5238,,,,,,,,,,
1307,0.5459,2.3937,0.5238,,,,,,,,,,
1308,0.541,2.3937,0.5237,,,,,,,,,,
1309,0.4964,2.3937,0.5238,,,,,,,,,,
1310,0.5122,2.3937,0.5238,,,,,,,,,,
1311,0.5271,2.3937,0.5237,,,,,,,,,,
1312,0.5576,2.3936,0.5237,,,,,,,,,,
1313,0.5285,2.3937,0.5236,,,,,,,,,,
1314,0.4791,2.3937,0.5237,,,,,,,,,,
1315,0.5145,2.3936,0.5237,,,,,,,,,,
1316,0.5443,2.3936,0.5238,,,,,,,,,,
1317,0.56,2.3936,0.5237,,,,,,,,,,
1318,0.5146,2.3937,0.5238,,,,,,,,,,
1319,0.5201,2.3936,0.5238,,,,,,,,,,
1320,0.5175,2.3936,0.5236,,,,,,,,,,
1321,0.5366,2.3936,0.5236,,,,,,,,,,
1322,0.4922,2.3936,0.5237,,,,,,,,,,
1323,0.5392,2.3936,0.5238,,,,,,,,,,
1324,0.5319,2.3936,0.5237,,,,,,,,,,
1325,0.5127,2.3936,0.5237,,,,,,,,,,
1326,0.5067,2.3936,0.5238,,,,,,,,,,
1327,0.5115,2.3936,0.5237,,,,,,,,,,
1328,0.5527,2.3936,0.5237,,,,,,,,,,
1329,0.5147,2.3936,0.5237,,,,,,,,,,
1330,0.5487,2.3936,0.5238,,,,,,,,,,
1331,0.4926,2.3936,0.5238,,,,,,,,,,
1332,0.4923,2.3936,0.5237,,,,,,,,,,
1333,0.5535,2.3936,0.5236,,,,,,,,,,
1334,0.4824,2.3936,0.5238,,,,,,,,,,
1335,0.4952,2.3936,0.5237,,,,,,,,,,
1336,0.5027,2.3936,0.5237,,,,,,,,,,
1337,0.5427,2.3936,0.5236,,,,,,,,,,
1338,0.5227,2.3936,0.5238,,,,,,,,,,
1339,0.5015,2.3936,0.5238,,,,,,,,,,
1340,0.4819,2.3936,0.5237,,,,,,,,,,
1341,0.4918,2.3936,0.5237,,,,,,,,,,
1342,0.5348,2.3936,0.5236,,,,,,,,,,
1343,0.4849,2.3936,0.5236,,,,,,,,,,
1344,0.5534,2.3936,0.5238,,,,,,,,,,
1345,0.5297,2.3936,0.5236,,,,,,,,,,
1346,0.5008,2.3936,0.5238,,,,,,,,,,
1347,0.4872,2.3936,0.5237,,,,,,,,,,
1348,0.5259,2.3936,0.5237,,,,,,,,,,
1349,0.4839,2.3936,0.5238,,,,,,,,,,
1350,0.4697,2.3936,0.5237,,,,,,,,,,
1351,0.5516,2.3936,0.5238,,,,,,,,,,
1352,0.5575,2.3936,0.5238,,,,,,,,,,
1353,0.5066,2.3936,0.5237,,,,,,,,,,
1354,0.5038,2.3936,0.5238,,,,,,,,,,
1355,0.511,2.3936,0.5236,,,,,,,,,,
1356,0.5004,2.3936,0.5236,,,,,,,,,,
1357,0.5339,2.3936,0.5237,,,,,,,,,,
1358,0.4851,2.3936,0.5237,,,,,,,,,,
1359,0.4775,2.3936,0.5238,,,,,,,,,,
1360,0.4944,2.3936,0.5238,,,,,,,,,,
1361,0.5093,2.3936,0.5238,,,,,,,,,,
1362,0.4888,2.3936,0.5238,,,,,,,,,,
1363,0.5176,2.3936,0.5238,,,,,,,,,,
1364,0.4844,2.3936,0.5238,,,,,,,,,,
1365,0.5175,2.3936,0.5238,,,,,,,,,,
1366,0.5171,2.3936,0.5236,,,,,,,,,,
1367,0.5008,2.3936,0.5238,,,,,,,,,,
1368,0.4879,2.3936,0.5236,,,,,,,,,,
1369,0.5319,2.3936,0.5237,,,,,,,,,,
1370,0.5341,2.3936,0.5238,,,,,,,,,,
1371,0.4804,2.3936,0.5238,,,,,,,,,,
1372,0.4851,2.3936,0.5237,,,,,,,,,,
1373,0.5066,2.3936,0.5238,,,,,,,,,,
1374,0.5389,2.3936,0.5237,,,,,,,,,,
1375,0.4829,2.3936,0.5238,,,,,,,,,,
1376,0.5064,2.3936,0.5238,,,,,,,,,,
1377,0.5425,2.3936,0.5238,,,,,,,,,,
1378,0.53,2.3936,0.5237,,,,,,,,,,
1379,0.5609,2.3936,0.5238,,,,,,,,,,
1380,0.5062,2.3936,0.5238,,,,,,,,,,
1381,0.5557,2.3936,0.5237,,,,,,,,,,
1382,0.4985,2.3936,0.5238,,,,,,,,,,
1383,0.4978,2.3936,0.5238,,,,,,,,,,
1384,0.5053,2.3936,0.5238,,,,,,,,,,
1385,0.5156,2.3936,0.5238,,,,,,,,,,
1386,0.5591,2.3936,0.5238,,,,,,,,,,
1387,0.5139,2.3936,0.5237,,,,,,,,,,
1388,0.4919,2.3936,0.5238,,,,,,,,,,
1389,0.5526,2.3936,0.5238,,,,,,,,,,
1390,0.5353,2.3936,0.5237,,,,,,,,,,
1391,0.4627,2.3936,0.5237,,,,,,,,,,
1392,0.5222,2.3936,0.5238,,,,,,,,,,
1393,0.5292,2.3936,0.5238,,,,,,,,,,
1394,0.5021,2.3936,0.5238,,,,,,,,,,
1395,0.5166,2.3936,0.5237,,,,,,,,,,
1396,0.5399,2.3936,0.5238,,,,,,,,,,
1397,0.4739,2.3936,0.5237,,,,,,,,,,
1398,0.5349,2.3936,0.5238,,,,,,,,,,
1399,0.5613,2.3936,0.5238,,,,,,,,,,
1400,0.5197,2.3936,0.5238,,,,,,,,,,
1401,0.5013,2.3936,0.5238,,,,,,,,,,
1402,0.5019,2.3936,0.5238,,,,,,,,,,
1403,0.5452,2.3936,0.5238,,,,,,,,,,
1404,0.5658,2.3936,0.5236,,,,,,,,,,
1405,0.5102,2.3936,0.5237,,,,,,,,,,
1406,0.4971,2.3936,0.5238,,,,,,,,,,
1407,0.5471,2.3936,0.5237,,,,,,,,,,
1408,0.5414,2.3936,0.5238,,,,,,,,,,
1409,0.5306,2.3936,0.5237,,,,,,,,,,
1410,0.5316,2.3936,0.5238,,,,,,,,,,
1411,0.482,2.3936,0.5238,,,,,,,,,,
1412,0.5362,2.3936,0.5237,,,,,,,,,,
1413,0.4953,2.3936,0.5238,,,,,,,,,,
1414,0.4937,2.3936,0.5237,,,,,,,,,,
1415,0.5202,2.3936,0.5238,,,,,,,,,,
1416,0.5072,2.3936,0.5237,,,,,,,,,,
1417,0.4933,2.3936,0.5238,,,,,,,,,,
1418,0.4792,2.3936,0.5237,,,,,,,,,,
1419,0.5299,2.3936,0.5238,,,,,,,,,,
1420,0.5638,2.3936,0.5237,,,,,,,,,,
1421,0.5627,2.3936,0.5237,,,,,,,,,,
1422,0.5281,2.3936,0.5237,,,,,,,,,,
1423,0.5313,2.3936,0.5237,,,,,,,,,,
1424,0.5087,2.3936,0.5238,,,,,,,,,,
1425,0.4822,2.3936,0.5237,,,,,,,,,,
1426,0.5341,2.3936,0.5238,,,,,,,,,,
1427,0.4903,2.3936,0.5238,,,,,,,,,,
1428,0.5085,2.3936,0.5237,,,,,,,,,,
1429,0.4959,2.3936,0.5237,,,,,,,,,,
1430,0.5113,2.3936,0.5236,,,,,,,,,,
1431,0.554,2.3936,0.5238,,,,,,,,,,
1432,0.4868,2.3936,0.5237,,,,,,,,,,
1433,0.5403,2.3936,0.5238,,,,,,,,,,
1434,0.5395,2.3936,0.5238,,,,,,,,,,
1435,0.5016,2.3936,0.5238,,,,,,,,,,
1436,0.5525,2.3936,0.5238,,,,,,,,,,
1437,0.5286,2.3936,0.5238,,,,,,,,,,
1438,0.5078,2.3936,0.5237,,,,,,,,,,
1439,0.4895,2.3936,0.5237,,,,,,,,,,
1440,0.4694,2.3936,0.5238,,,,,,,,,,
1441,0.491,2.3936,0.5237,,,,,,,,,,
1442,0.5258,2.3936,0.5237,,,,,,,,,,
1443,0.5023,2.3936,0.5237,,,,,,,,,,
1444,0.5004,2.3936,0.5237,,,,,,,,,,
1445,0.5152,2.3936,0.5237,,,,,,,,,,
1446,0.5649,2.3936,0.5238,,,,,,,,,,
1447,0.5321,2.3936,0.5238,,,,,,,,,,
1448,0.5102,2.3936,0.5237,,,,,,,,,,
1449,0.5447,2.3936,0.5238,,,,,,,,,,
1450,0.5146,2.3936,0.5237,,,,,,,,,,
1451,0.5259,2.3936,0.5238,,,,,,,,,,
1452,0.5202,2.3936,0.5238,,,,,,,,,,
1453,0.5513,2.3936,0.5238,,,,,,,,,,
1454,0.515,2.3936,0.5237,,,,,,,,,,
1455,0.5003,2.3936,0.5237,,,,,,,,,,
1456,0.5327,2.3936,0.5237,,,,,,,,,,
1457,0.5171,2.3936,0.5236,,,,,,,,,,
1458,0.5393,2.3936,0.5238,,,,,,,,,,
1459,0.5334,2.3936,0.5238,,,,,,,,,,
1460,0.5065,2.3936,0.5238,,,,,,,,,,
1461,0.5209,2.3936,0.5238,,,,,,,,,,
1462,0.5423,2.3936,0.5236,,,,,,,,,,
1463,0.5114,2.3935,0.5238,,,,,,,,,,
1464,0.4684,2.3936,0.5238,,,,,,,,,,
1465,0.5337,2.3936,0.5238,,,,,,,,,,
1466,0.5295,2.3936,0.5238,,,,,,,,,,
1467,0.5482,2.3936,0.5237,,,,,,,,,,
1468,0.506,2.3936,0.5237,,,,,,,,,,
1469,0.5238,2.3936,0.5237,,,,,,,,,,
1470,0.5138,2.3936,0.5238,,,,,,,,,,
1471,0.502,2.3936,0.5237,,,,,,,,,,
1472,0.5467,2.3936,0.5238,,,,,,,,,,
1473,0.5397,2.3936,0.5238,,,,,,,,,,
1474,0.4872,2.3936,0.5238,,,,,,,,,,
1475,0.5152,2.3936,0.5238,,,,,,,,,,
1476,0.5058,2.3935,0.5238,,,,,,,,,,
1477,0.4426,2.3936,0.5237,,,,,,,,,,
1478,0.5372,2.3936,0.5237,,,,,,,,,,
1479,0.5236,2.3936,0.5238,,,,,,,,,,
1480,0.5441,2.3936,0.5237,,,,,,,,,,
1481,0.4868,2.3935,0.5237,,,,,,,,,,
1482,0.5057,2.3936,0.5237,,,,,,,,,,
1483,0.5109,2.3936,0.5237,,,,,,,,,,
1484,0.5174,2.3936,0.5238,,,,,,,,,,
1485,0.5176,2.3936,0.5238,,,,,,,,,,
1486,0.4861,2.3936,0.5237,,,,,,,,,,
1487,0.5507,2.3936,0.5238,,,,,,,,,,
1488,0.5168,2.3936,0.5238,,,,,,,,,,
1489,0.5481,2.3936,0.5238,,,,,,,,,,
1490,0.5075,2.3936,0.5238,,,,,,,,,,
1491,0.5155,2.3935,0.5237,,,,,,,,,,
1492,0.4824,2.3936,0.5237,,,,,,,,,,
1493,0.5189,2.3936,0.5238,,,,,,,,,,
1494,0.4665,2.3936,0.5238,,,,,,,,,,
1495,0.5009,2.3936,0.5237,,,,,,,,,,
1496,0.524,2.3936,0.5238,,,,,,,,,,
1497,0.5401,2.3936,0.5238,,,,,,,,,,
1498,0.5277,2.3935,0.5238,,,,,,,,,,
1499,0.512,2.3936,0.5238,,,,,,,,,,
1500,0.5585,2.3936,0.5237,,,,,,,,,,
1501,0.5041,2.3936,0.5238,,,,,,,,,,
1502,0.5511,2.3936,0.5238,,,,,,,,,,
1503,0.5181,2.3936,0.5238,,,,,,,,,,
1504,0.5372,2.3936,0.5237,,,,,,,,,,
1505,0.5695,2.3936,0.5238,,,,,,,,,,
1506,0.534,2.3936,0.5238,,,,,,,,,,
1507,0.506,2.3936,0.5238,,,,,,,,,,
1508,0.5465,2.3936,0.5238,,,,,,,,,,
1509,0.5157,2.3936,0.5238,,,,,,,,,,
1510,0.4959,2.3936,0.5238,,,,,,,,,,
1511,0.5351,2.3936,0.5238,,,,,,,,,,
1512,0.5604,2.3936,0.5238,,,,,,,,,,
1513,0.5017,2.3936,0.5238,,,,,,,,,,
1514,0.5036,2.3936,0.5238,,,,,,,,,,
1515,0.4779,2.3936,0.5238,,,,,,,,,,
1516,0.5176,2.3936,0.5238,,,,,,,,,,
1517,0.5222,2.3936,0.5237,,,,,,,,,,
1518,0.5563,2.3936,0.5237,,,,,,,,,,
1519,0.5461,2.3936,0.5238,,,,,,,,,,
1520,0.5629,2.3936,0.5238,,,,,,,,,,
1521,0.5157,2.3936,0.5237,,,,,,,,,,
1522,0.5308,2.3936,0.5237,,,,,,,,,,
1523,0.5181,2.3936,0.5238,,,,,,,,,,
1524,0.5269,2.3936,0.5238,,,,,,,,,,
1525,0.5184,2.3936,0.5237,,,,,,,,,,
1526,0.4905,2.3936,0.5238,,,,,,,,,,
1527,0.5281,2.3936,0.5238,,,,,,,,,,
1528,0.4779,2.3936,0.5238,,,,,,,,,,
1529,0.4895,2.3935,0.5238,,,,,,,,,,
1530,0.5164,2.3936,0.5238,,,,,,,,,,
1531,0.4982,2.3936,0.5238,,,,,,,,,,
1532,0.5235,2.3936,0.5238,,,,,,,,,,
1533,0.5184,2.3936,0.5238,,,,,,,,,,
1534,0.4841,2.3936,0.5237,,,,,,,,,,
1535,0.5253,2.3936,0.5238,,,,,,,,,,
1536,0.4933,2.3936,0.5238,,,,,,,,,,
1537,0.5116,2.3936,0.5238,,,,,,,,,,
1538,0.5486,2.3936,0.5238,,,,,,,,,,
1539,0.4913,2.3936,0.5238,,,,,,,,,,
1540,0.5513,2.3936,0.5238,,,,,,,,,,
1541,0.5481,2.3936,0.5238,,,,,,,,,,
1542,0.5125,2.3936,0.5237,,,,,,,,,,
1543,0.505,2.3936,0.5238,,,,,,,,,,
1544,0.5282,2.3936,0.5238,,,,,,,,,,
1545,0.5113,2.3936,0.5238,,,,,,,,,,
1546,0.5094,2.3936,0.5238,,,,,,,,,,
1547,0.5449,2.3936,0.5238,,,,,,,,,,
1548,0.5313,2.3935,0.5238,,,,,,,,,,
1549,0.501,2.3936,0.5238,,,,,,,,,,
1550,0.5247,2.3936,0.5238,,,,,,,,,,
1551,0.5221,2.3936,0.5238,,,,,,,,,,
1552,0.4958,2.3936,0.5238,,,,,,,,,,
1553,0.5343,2.3936,0.5238,,,,,,,,,,
1554,0.5301,2.3936,0.5237,,,,,,,,,,
1555,0.491,2.3936,0.5238,,,,,,,,,,
1556,0.5436,2.3935,0.5238,,,,,,,,,,
1557,0.5245,2.3936,0.5238,,,,,,,,,,
1558,0.4996,2.3936,0.5238,,,,,,,,,,
1559,0.5108,2.3936,0.5238,,,,,,,,,,
1560,0.4955,2.3936,0.5238,,,,,,,,,,
1561,0.4767,2.3936,0.5238,,,,,,,,,,
1562,0.5614,2.3936,0.5238,,,,,,,,,,
1563,0.5507,2.3936,0.5238,,,,,,,,,,
1564,0.5375,2.3936,0.5238,,,,,,,,,,
1565,0.5209,2.3936,0.5237,,,,,,,,,,
1566,0.4704,2.3936,0.5238,,,,,,,,,,
1567,0.4962,2.3936,0.5238,,,,,,,,,,
1568,0.5417,2.3936,0.5238,,,,,,,,,,
1569,0.5166,2.3936,0.5238,,,,,,,,,,
1570,0.5424,2.3936,0.5238,,,,,,,,,,
1571,0.4789,2.3936,0.5238,,,,,,,,,,
1572,0.546,2.3935,0.5238,,,,,,,,,,
1573,0.4825,2.3935,0.5238,,,,,,,,,,
1574,0.5422,2.3935,0.5238,,,,,,,,,,
1575,0.5304,2.3935,0.5238,,,,,,,,,,
1576,0.5059,2.3935,0.5238,,,,,,,,,,
1577,0.5091,2.3935,0.5238,,,,,,,,,,
1578,0.5048,2.3935,0.5238,,,,,,,,,,
1579,0.5515,2.3935,0.5238,,,,,,,,,,
1580,0.5204,2.3936,0.5238,,,,,,,,,,
1581,0.5482,2.3936,0.5238,,,,,,,,,,
1582,0.4768,2.3935,0.5238,,,,,,,,,,
1583,0.4971,2.3935,0.5238,,,,,,,,,,
1584,0.5366,2.3935,0.5238,,,,,,,,,,
1585,0.5413,2.3935,0.5238,,,,,,,,,,
1586,0.5377,2.3935,0.5238,,,,,,,,,,
1587,0.507,2.3936,0.5238,,,,,,,,,,
1588,0.5361,2.3936,0.5238,,,,,,,,,,
1589,0.4853,2.3936,0.5238,,,,,,,,,,
1590,0.5248,2.3936,0.5238,,,,,,,,,,
1591,0.4926,2.3936,0.5238,,,,,,,,,,
1592,0.5016,2.3936,0.5238,,,,,,,,,,
1593,0.5518,2.3936,0.5238,,,,,,,,,,
1594,0.5358,2.3936,0.5238,,,,,,,,,,
1595,0.5213,2.3935,0.5238,,,,,,,,,,
1596,0.5194,2.3935,0.5238,,,,,,,,,,
1597,0.5103,2.3936,0.5238,,,,,,,,,,
1598,0.5573,2.3935,0.5238,,,,,,,,,,
1599,0.4754,2.3935,0.5238,,,,,,,,,,
1600,0.5321,2.3936,0.5238,,,,,,,,,,
1601,0.5027,2.3935,0.5238,,,,,,,,,,
1602,0.5303,2.3935,0.5238,,,,,,,,,,
1603,0.4787,2.3935,0.5238,,,,,,,,,,
1604,0.5019,2.3935,0.5238,,,,,,,,,,
1605,0.4798,2.3935,0.5238,,,,,,,,,,
1606,0.5301,2.3936,0.5238,,,,,,,,,,
1607,0.4983,2.3935,0.5238,,,,,,,,,,
1608,0.5332,2.3935,0.5238,,,,,,,,,,
1609,0.4919,2.3935,0.5238,,,,,,,,,,
1610,0.5245,2.3935,0.5238,,,,,,,,,,
1611,0.5295,2.3935,0.5238,,,,,,,,,,
1612,0.5696,2.3935,0.5238,,,,,,,,,,
1613,0.547,2.3935,0.5238,,,,,,,,,,
1614,0.5389,2.3935,0.5238,,,,,,,,,,
1615,0.4981,2.3936,0.5238,,,,,,,,,,
1616,0.5403,2.3936,0.5238,,,,,,,,,,
1617,0.4757,2.3936,0.5238,,,,,,,,,,
1618,0.5217,2.3935,0.5238,,,,,,,,,,
1619,0.5018,2.3936,0.5238,,,,,,,,,,
1620,0.5187,2.3936,0.5238,,,,,,,,,,
1621,0.5255,2.3936,0.5238,,,,,,,,,,
1622,0.5295,2.3935,0.5238,,,,,,,,,,
1623,0.5106,2.3935,0.5238,,,,,,,,,,
1624,0.5279,2.3936,0.5238,,,,,,,,,,
1625,0.4871,2.3936,0.5238,,,,,,,,,,
1626,0.4918,2.3935,0.5238,,,,,,,,,,
1627,0.5465,2.3936,0.5238,,,,,,,,,,
1628,0.5207,2.3935,0.5238,,,,,,,,,,
1629,0.5171,2.3935,0.5238,,,,,,,,,,
1630,0.5772,2.3935,0.5238,,,,,,,,,,
1631,0.5142,2.3935,0.5238,,,,,,,,,,
1632,0.5131,2.3935,0.5238,,,,,,,,,,
1633,0.5133,2.3935,0.5238,,,,,,,,,,
1634,0.5318,2.3935,0.5238,,,,,,,,,,
1635,0.5101,2.3935,0.5238,,,,,,,,,,
1636,0.5133,2.3935,0.5238,,,,,,,,,,
1637,0.5292,2.3935,0.5238,,,,,,,,,,
1638,0.4823,2.3935,0.5238,,,,,,,,,,
1639,0.5266,2.3935,0.5238,,,,,,,,,,
1640,0.5179,2.3936,0.5238,,,,,,,,,,
1641,0.4648,2.3936,0.5238,,,,,,,,,,
1642,0.5278,2.3936,0.5238,,,,,,,,,,
1643,0.5132,2.3936,0.5238,,,,,,,,,,
1644,0.4738,2.3936,0.5238,,,,,,,,,,
1645,0.5073,2.3936,0.5238,,,,,,,,,,
1646,0.4952,2.3935,0.5238,,,,,,,,,,
1647,0.5262,2.3936,0.5238,,,,,,,,,,
1648,0.4762,2.3936,0.5238,,,,,,,,,,
1649,0.5015,2.3935,0.5238,,,,,,,,,,
1650,0.52,2.3935,0.5238,,,,,,,,,,
1651,0.519,2.3935,0.5238,,,,,,,,,,
1652,0.5167,2.3935,0.5238,,,,,,,,,,
1653,0.496,2.3935,0.5238,,,,,,,,,,
1654,0.4708,2.3935,0.5238,,,,,,,,,,
1655,0.526,2.3936,0.5238,,,,,,,,,,
1656,0.4912,2.3935,0.5238,,,,,,,,,,
1657,0.5313,2.3936,0.5238,,,,,,,,,,
1658,0.5207,2.3936,0.5238,,,,,,,,,,
1659,0.5066,2.3936,0.5238,,,,,,,,,,
1660,0.5294,2.3936,0.5238,,,,,,,,,,
1661,0.5051,2.3935,0.5238,,,,,,,,,,
1662,0.5683,2.3935,0.5238,,,,,,,,,,
1663,0.4914,2.3935,0.5238,,,,,,,,,,
1664,0.5173,2.3935,0.5238,,,,,,,,,,
1665,0.4938,2.3935,0.5238,,,,,,,,,,
1666,0.523,2.3935,0.5238,,,,,,,,,,
1667,0.5447,2.3936,0.5238,,,,,,,,,,
1668,0.4941,2.3936,0.5238,,,,,,,,,,
1669,0.5066,2.3935,0.5238,,,,,,,,,,
1670,0.5506,2.3935,0.5238,,,,,,,,,,
1671,0.5411,2.3935,0.5238,,,,,,,,,,
1672,0.5467,2.3935,0.5238,,,,,,,,,,
1673,0.5104,2.3935,0.5238,,,,,,,,,,
1674,0.5592,2.3935,0.5238,,,,,,,,,,
1675,0.525,2.3935,0.5238,,,,,,,,,,
1676,0.5307,2.3935,0.5238,,,,,,,,,,
1677,0.5717,2.3935,0.5238,,,,,,,,,,
1678,0.5244,2.3935,0.5238,,,,,,,,,,
1679,0.474,2.3935,0.5238,,,,,,,,,,
1680,0.5361,2.3935,0.5238,,,,,,,,,,
1681,0.5012,2.3935,0.5238,,,,,,,,,,
1682,0.5131,2.3935,0.5238,,,,,,,,,,
1683,0.5006,2.3935,0.5238,,,,,,,,,,
1684,0.4965,2.3935,0.5238,,,,,,,,,,
1685,0.5208,2.3935,0.5237,,,,,,,,,,
1686,0.5116,2.3935,0.5238,,,,,,,,,,
1687,0.5454,2.3936,0.5238,,,,,,,,,,
1688,0.4838,2.3935,0.5238,,,,,,,,,,
1689,0.526,2.3935,0.5237,,,,,,,,,,
1690,0.4911,2.3936,0.5237,,,,,,,,,,
1691,0.5557,2.3935,0.5237,,,,,,,,,,
1692,0.5733,2.3936,0.5237,,,,,,,,,,
1693,0.4922,2.3936,0.5237,,,,,,,,,,
1694,0.478,2.3936,0.5237,,,,,,,,,,
1695,0.5301,2.3936,0.5237,,,,,,,,,,
1696,0.5353,2.3935,0.5237,,,,,,,,,,
1697,0.5831,2.3936,0.5237,,,,,,,,,,
1698,0.5375,2.3935,0.5238,,,,,,,,,,
1699,0.451,2.3935,0.5237,,,,,,,,,,
1700,0.5049,2.3935,0.5237,,,,,,,,,,
1701,0.4979,2.3935,0.5237,,,,,,,,,,
1702,0.4756,2.3935,0.5237,,,,,,,,,,
1703,0.543,2.3935,0.5237,,,,,,,,,,
1704,0.5091,2.3935,0.5237,,,,,,,,,,
1705,0.5246,2.3935,0.5238,,,,,,,,,,
1706,0.5342,2.3935,0.5238,,,,,,,,,,
1707,0.5071,2.3936,0.5237,,,,,,,,,,
1708,0.5277,2.3936,0.5238,,,,,,,,,,
1709,0.4874,2.3935,0.5238,,,,,,,,,,
1710,0.5354,2.3935,0.5238,,,,,,,,,,
1711,0.4896,2.3935,0.5238,,,,,,,,,,
1712,0.4956,2.3935,0.5238,,,,,,,,,,
1713,0.5198,2.3935,0.5238,,,,,,,,,,
1714,0.5537,2.3935,0.5238,,,,,,,,,,
1715,0.5535,2.3935,0.5238,,,,,,,,,,
1716,0.5211,2.3935,0.5238,,,,,,,,,,
1717,0.5085,2.3935,0.5238,,,,,,,,,,
1718,0.528,2.3935,0.5238,,,,,,,,,,
1719,0.5268,2.3935,0.5238,,,,,,,,,,
1720,0.4924,2.3935,0.5238,,,,,,,,,,
1721,0.5431,2.3935,0.5238,,,,,,,,,,
1722,0.5068,2.3935,0.5238,,,,,,,,,,
1723,0.4988,2.3935,0.5238,,,,,,,,,,
1724,0.5494,2.3935,0.5238,,,,,,,,,,
1725,0.5104,2.3935,0.5237,,,,,,,,,,
1726,0.5336,2.3935,0.5238,,,,,,,,,,
1727,0.513,2.3935,0.5237,,,,,,,,,,
1728,0.4963,2.3935,0.5238,,,,,,,,,,
1729,0.4661,2.3935,0.5237,,,,,,,,,,
1730,0.4772,2.3935,0.5237,,,,,,,,,,
1731,0.5797,2.3936,0.5238,,,,,,,,,,
1732,0.5168,2.3935,0.5237,,,,,,,,,,
1733,0.4728,2.3936,0.5237,,,,,,,,,,
1734,0.515,2.3936,0.5237,,,,,,,,,,
1735,0.5401,2.3935,0.5237,,,,,,,,,,
1736,0.5375,2.3936,0.5237,,,,,,,,,,
1737,0.5186,2.3936,0.5237,,,,,,,,,,
1738,0.5373,2.3936,0.5238,,,,,,,,,,
1739,0.5131,2.3935,0.5237,,,,,,,,,,
1740,0.529,2.3935,0.5237,,,,,,,,,,
1741,0.4997,2.3936,0.5238,,,,,,,,,,
1742,0.5668,2.3935,0.5238,,,,,,,,,,
1743,0.5327,2.3935,0.5238,,,,,,,,,,
1744,0.5516,2.3935,0.5238,,,,,,,,,,
1745,0.4782,2.3935,0.5238,,,,,,,,,,
1746,0.5184,2.3935,0.5238,,,,,,,,,,
1747,0.5498,2.3935,0.5238,,,,,,,,,,
1748,0.5353,2.3935,0.5238,,,,,,,,,,
1749,0.5087,2.3935,0.5237,,,,,,,,,,
1750,0.4884,2.3935,0.5238,,,,,,,,,,
1751,0.5362,2.3936,0.5237,,,,,,,,,,
1752,0.5132,2.3936,0.5237,,,,,,,,,,
1753,0.5452,2.3935,0.5237,,,,,,,,,,
1754,0.4992,2.3935,0.5237,,,,,,,,,,
1755,0.4975,2.3935,0.5237,,,,,,,,,,
1756,0.5363,2.3935,0.5237,,,,,,,,,,
1757,0.5118,2.3935,0.5237,,,,,,,,,,
1758,0.4856,2.3935,0.5237,,,,,,,,,,
1759,0.5726,2.3935,0.5237,,,,,,,,,,
1760,0.4896,2.3935,0.5237,,,,,,,,,,
1761,0.5226,2.3935,0.5237,,,,,,,,,,
1762,0.4891,2.3936,0.5237,,,,,,,,,,
1763,0.5453,2.3935,0.5238,,,,,,,,,,
1764,0.5287,2.3935,0.5238,,,,,,,,,,
1765,0.4787,2.3935,0.5237,,,,,,,,,,
1766,0.5056,2.3935,0.5237,,,,,,,,,,
1767,0.4909,2.3935,0.5237,,,,,,,,,,
1768,0.535,2.3936,0.5237,,,,,,,,,,
1769,0.4963,2.3935,0.5237,,,,,,,,,,
1770,0.5176,2.3935,0.5237,,,,,,,,,,
1771,0.5318,2.3935,0.5237,,,,,,,,,,
1772,0.5283,2.3936,0.5237,,,,,,,,,,
1773,0.4973,2.3935,0.5237,,,,,,,,,,
1774,0.4502,2.3935,0.5237,,,,,,,,,,
1775,0.5608,2.3935,0.5237,,,,,,,,,,
1776,0.5245,2.3935,0.5237,,,,,,,,,,
1777,0.4866,2.3935,0.5237,,,,,,,,,,
1778,0.4605,2.3935,0.5237,,,,,,,,,,
1779,0.5349,2.3935,0.5237,,,,,,,,,,
1780,0.4818,2.3935,0.5237,,,,,,,,,,
1781,0.5295,2.3935,0.5237,,,,,,,,,,
1782,0.5116,2.3935,0.5237,,,,,,,,,,
1783,0.4875,2.3935,0.5237,,,,,,,,,,
1784,0.4676,2.3935,0.5237,,,,,,,,,,
1785,0.5584,2.3935,0.5237,,,,,,,,,,
1786,0.4936,2.3935,0.5237,,,,,,,,,,
1787,0.512,2.3935,0.5237,,,,,,,,,,
1788,0.5517,2.3935,0.5237,,,,,,,,,,
1789,0.5208,2.3935,0.5237,,,,,,,,,,
1790,0.5182,2.3935,0.5237,,,,,,,,,,
1791,0.5536,2.3935,0.5237,,,,,,,,,,
1792,0.5013,2.3935,0.5237,,,,,,,,,,
1793,0.4989,2.3935,0.5237,,,,,,,,,,
1794,0.5407,2.3935,0.5237,,,,,,,,,,
1795,0.5165,2.3935,0.5237,,,,,,,,,,
1796,0.5408,2.3935,0.5237,,,,,,,,,,
1797,0.5037,2.3935,0.5237,,,,,,,,,,
1798,0.5177,2.3935,0.5237,,,,,,,,,,
1799,0.4952,2.3935,0.5237,,,,,,,,,,
1800,0.4694,2.3935,0.5237,,,,,,,,,,
1801,0.5268,2.3935,0.5237,,,,,,,,,,
1802,0.5134,2.3935,0.5237,,,,,,,,,,
1803,0.5,2.3935,0.5237,,,,,,,,,,
1804,0.4427,2.3935,0.5237,,,,,,,,,,
1805,0.5223,2.3935,0.5237,,,,,,,,,,
1806,0.5146,2.3935,0.5237,,,,,,,,,,
1807,0.5135,2.3935,0.5237,,,,,,,,,,
1808,0.5731,2.3935,0.5237,,,,,,,,,,
1809,0.4563,2.3935,0.5237,,,,,,,,,,
1810,0.516,2.3935,0.5237,,,,,,,,,,
1811,0.4888,2.3935,0.5237,,,,,,,,,,
1812,0.5345,2.3935,0.5237,,,,,,,,,,
1813,0.5318,2.3935,0.5237,,,,,,,,,,
1814,0.5026,2.3935,0.5237,,,,,,,,,,
1815,0.5181,2.3935,0.5238,,,,,,,,,,
1816,0.5162,2.3935,0.5237,,,,,,,,,,
1817,0.4962,2.3935,0.5237,,,,,,,,,,
1818,0.5157,2.3935,0.5237,,,,,,,,,,
1819,0.5377,2.3935,0.5237,,,,,,,,,,
1820,0.5677,2.3935,0.5237,,,,,,,,,,
1821,0.5409,2.3935,0.5237,,,,,,,,,,
1822,0.5241,2.3935,0.5237,,,,,,,,,,
1823,0.5032,2.3935,0.5237,,,,,,,,,,
1824,0.5511,2.3935,0.5237,,,,,,,,,,
1825,0.521,2.3935,0.5237,,,,,,,,,,
1826,0.5586,2.3935,0.5237,,,,,,,,,,
1827,0.4984,2.3935,0.5237,,,,,,,,,,
1828,0.5787,2.3935,0.5237,,,,,,,,,,
1829,0.4773,2.3935,0.5237,,,,,,,,,,
1830,0.5246,2.3935,0.5237,,,,,,,,,,
1831,0.5425,2.3935,0.5237,,,,,,,,,,
1832,0.4641,2.3935,0.5237,,,,,,,,,,
1833,0.5304,2.3935,0.5237,,,,,,,,,,
1834,0.5639,2.3935,0.5237,,,,,,,,,,
1835,0.57,2.3935,0.5237,,,,,,,,,,
1836,0.5205,2.3935,0.5237,,,,,,,,,,
1837,0.5387,2.3935,0.5237,,,,,,,,,,
1838,0.476,2.3935,0.5237,,,,,,,,,,
1839,0.533,2.3935,0.5237,,,,,,,,,,
1840,0.4991,2.3935,0.5237,,,,,,,,,,
1841,0.5125,2.3935,0.5237,,,,,,,,,,
1842,0.467,2.3935,0.5237,,,,,,,,,,
1843,0.5654,2.3935,0.5237,,,,,,,,,,
1844,0.5094,2.3935,0.5237,,,,,,,,,,
1845,0.5392,2.3935,0.5237,,,,,,,,,,
1846,0.4885,2.3935,0.5237,,,,,,,,,,
1847,0.5047,2.3935,0.5237,,,,,,,,,,
1848,0.535,2.3935,0.5237,,,,,,,,,,
1849,0.4918,2.3935,0.5237,,,,,,,,,,
1850,0.4973,2.3935,0.5237,,,,,,,,,,
1851,0.5385,2.3935,0.5237,,,,,,,,,,
1852,0.5479,2.3935,0.5237,,,,,,,,,,
1853,0.4858,2.3935,0.5237,,,,,,,,,,
1854,0.4876,2.3935,0.5237,,,,,,,,,,
1855,0.4919,2.3935,0.5237,,,,,,,,,,
1856,0.4907,2.3935,0.5237,,,,,,,,,,
1857,0.535,2.3935,0.5237,,,,,,,,,,
1858,0.5457,2.3935,0.5237,,,,,,,,,,
1859,0.5186,2.3935,0.5237,,,,,,,,,,
1860,0.495,2.3935,0.5237,,,,,,,,,,
1861,0.496,2.3935,0.5237,,,,,,,,,,
1862,0.5475,2.3935,0.5237,,,,,,,,,,
1863,0.5226,2.3935,0.5237,,,,,,,,,,
1864,0.5343,2.3935,0.5237,,,,,,,,,,
1865,0.5219,2.3935,0.5237,,,,,,,,,,
1866,0.5161,2.3935,0.5237,,,,,,,,,,
1867,0.5496,2.3935,0.5237,,,,,,,,,,
1868,0.5166,2.3935,0.5237,,,,,,,,,,
1869,0.5225,2.3935,0.5237,,,,,,,,,,
1870,0.5115,2.3935,0.5237,,,,,,,,,,
1871,0.4827,2.3935,0.5237,,,,,,,,,,
1872,0.5254,2.3935,0.5237,,,,,,,,,,
1873,0.5397,2.3935,0.5237,,,,,,,,,,
1874,0.4881,2.3935,0.5237,,,,,,,,,,
1875,0.5162,2.3935,0.5237,,,,,,,,,,
1876,0.495,2.3935,0.5237,,,,,,,,,,
1877,0.5583,2.3935,0.5237,,,,,,,,,,
1878,0.5228,2.3935,0.5237,,,,,,,,,,
1879,0.4928,2.3935,0.5237,,,,,,,,,,
1880,0.4959,2.3935,0.5237,,,,,,,,,,
1881,0.6003,2.3935,0.5237,,,,,,,,,,
1882,0.5194,2.3935,0.5237,,,,,,,,,,
1883,0.5726,2.3935,0.5237,,,,,,,,,,
1884,0.4964,2.3935,0.5237,,,,,,,,,,
1885,0.4895,2.3935,0.5237,,,,,,,,,,
1886,0.4845,2.3935,0.5237,,,,,,,,,,
1887,0.548,2.3935,0.5237,,,,,,,,,,
1888,0.5241,2.3935,0.5237,,,,,,,,,,
1889,0.4865,2.3935,0.5237,,,,,,,,,,
1890,0.5412,2.3935,0.5237,,,,,,,,,,
1891,0.5228,2.3935,0.5237,,,,,,,,,,
1892,0.5419,2.3935,0.5237,,,,,,,,,,
1893,0.5072,2.3935,0.5237,,,,,,,,,,
1894,0.4828,2.3935,0.5237,,,,,,,,,,
1895,0.5011,2.3935,0.5237,,,,,,,,,,
1896,0.5286,2.3935,0.5237,,,,,,,,,,
1897,0.4938,2.3935,0.5237,,,,,,,,,,
1898,0.5818,2.3935,0.5237,,,,,,,,,,
1899,0.52,2.3935,0.5237,,,,,,,,,,
1900,0.5031,2.3935,0.5237,,,,,,,,,,
1901,0.5085,2.3935,0.5237,,,,,,,,,,
1902,0.5042,2.3935,0.5237,,,,,,,,,,
1903,0.5206,2.3935,0.5237,,,,,,,,,,
1904,0.5001,2.3935,0.5237,,,,,,,,,,
1905,0.5141,2.3935,0.5237,,,,,,,,,,
1906,0.4849,2.3935,0.5237,,,,,,,,,,
1907,0.4884,2.3935,0.5237,,,,,,,,,,
1908,0.5578,2.3935,0.5237,,,,,,,,,,
1909,0.5399,2.3935,0.5237,,,,,,,,,,
1910,0.4923,2.3935,0.5237,,,,,,,,,,
1911,0.5439,2.3935,0.5237,,,,,,,,,,
1912,0.5023,2.3935,0.5237,,,,,,,,,,
1913,0.5749,2.3935,0.5237,,,,,,,,,,
1914,0.5116,2.3935,0.5237,,,,,,,,,,
1915,0.4645,2.3935,0.5237,,,,,,,,,,
1916,0.5337,2.3935,0.5237,,,,,,,,,,
1917,0.5405,2.3935,0.5237,,,,,,,,,,
1918,0.5057,2.3935,0.5237,,,,,,,,,,
1919,0.5469,2.3935,0.5237,,,,,,,,,,
1920,0.5354,2.3935,0.5237,,,,,,,,,,
1921,0.4776,2.3935,0.5237,,,,,,,,,,
1922,0.5178,2.3935,0.5237,,,,,,,,,,
1923,0.5338,2.3935,0.5237,,,,,,,,,,
1924,0.5556,2.3935,0.5237,,,,,,,,,,
1925,0.4964,2.3935,0.5237,,,,,,,,,,
1926,0.5107,2.3935,0.5237,,,,,,,,,,
1927,0.5446,2.3935,0.5237,,,,,,,,,,
1928,0.5439,2.3935,0.5237,,,,,,,,,,
1929,0.4933,2.3935,0.5237,,,,,,,,,,
1930,0.5331,2.3935,0.5237,,,,,,,,,,
1931,0.5532,2.3935,0.5237,,,,,,,,,,
1932,0.5331,2.3935,0.5237,,,,,,,,,,
1933,0.4927,2.3935,0.5237,,,,,,,,,,
1934,0.5219,2.3935,0.5237,,,,,,,,,,
1935,0.4716,2.3935,0.5237,,,,,,,,,,
1936,0.5052,2.3935,0.5237,,,,,,,,,,
1937,0.5504,2.3935,0.5237,,,,,,,,,,
1938,0.5111,2.3935,0.5237,,,,,,,,,,
1939,0.5117,2.3935,0.5237,,,,,,,,,,
1940,0.5145,2.3935,0.5237,,,,,,,,,,
1941,0.5665,2.3935,0.5237,,,,,,,,,,
1942,0.5329,2.3935,0.5237,,,,,,,,,,
1943,0.4968,2.3935,0.5237,,,,,,,,,,
1944,0.5135,2.3935,0.5237,,,,,,,,,,
1945,0.5334,2.3935,0.5237,,,,,,,,,,
1946,0.502,2.3935,0.5237,,,,,,,,,,
1947,0.5257,2.3935,0.5237,,,,,,,,,,
1948,0.4966,2.3935,0.5237,,,,,,,,,,
1949,0.4996,2.3935,0.5237,,,,,,,,,,
1950,0.5153,2.3935,0.5237,,,,,,,,,,
1951,0.5016,2.3935,0.5237,,,,,,,,,,
1952,0.5381,2.3935,0.5237,,,,,,,,,,
1953,0.5084,2.3935,0.5237,,,,,,,,,,
1954,0.4972,2.3935,0.5237,,,,,,,,,,
1955,0.54,2.3935,0.5237,,,,,,,,,,
1956,0.4932,2.3935,0.5237,,,,,,,,,,
1957,0.4848,2.3935,0.5237,,,,,,,,,,
1958,0.593,2.3935,0.5237,,,,,,,,,,
1959,0.4942,2.3935,0.5237,,,,,,,,,,
1960,0.5321,2.3935,0.5237,,,,,,,,,,
1961,0.5113,2.3935,0.5237,,,,,,,,,,
1962,0.5808,2.3935,0.5237,,,,,,,,,,
1963,0.5758,2.3935,0.5237,,,,,,,,,,
1964,0.5372,2.3935,0.5237,,,,,,,,,,
1965,0.5236,2.3935,0.5237,,,,,,,,,,
1966,0.5233,2.3935,0.5237,,,,,,,,,,
1967,0.5138,2.3935,0.5237,,,,,,,,,,
1968,0.4942,2.3935,0.5237,,,,,,,,,,
1969,0.552,2.3935,0.5237,,,,,,,,,,
1970,0.5825,2.3935,0.5237,,,,,,,,,,
1971,0.5799,2.3935,0.5237,,,,,,,,,,
1972,0.5181,2.3935,0.5237,,,,,,,,,,
1973,0.5317,2.3935,0.5237,,,,,,,,,,
1974,0.5648,2.3935,0.5237,,,,,,,,,,
1975,0.5057,2.3935,0.5237,,,,,,,,,,
1976,0.5615,2.3935,0.5237,,,,,,,,,,
1977,0.4642,2.3935,0.5237,,,,,,,,,,
1978,0.4594,2.3935,0.5237,,,,,,,,,,
1979,0.578,2.3935,0.5237,,,,,,,,,,
1980,0.5397,2.3935,0.5237,,,,,,,,,,
1981,0.5608,2.3935,0.5237,,,,,,,,,,
1982,0.4887,2.3935,0.5237,,,,,,,,,,
1983,0.5561,2.3935,0.5237,,,,,,,,,,
1984,0.4819,2.3935,0.5237,,,,,,,,,,
1985,0.5058,2.3935,0.5237,,,,,,,,,,
1986,0.5052,2.3935,0.5237,,,,,,,,,,
1987,0.5297,2.3935,0.5237,,,,,,,,,,
1988,0.5223,2.3935,0.5237,,,,,,,,,,
1989,0.5595,2.3935,0.5237,,,,,,,,,,
1990,0.4874,2.3935,0.5237,,,,,,,,,,
1991,0.5971,2.3935,0.5237,,,,,,,,,,
1992,0.5137,2.3935,0.5237,,,,,,,,,,
1993,0.4587,2.3935,0.5237,,,,,,,,,,
1994,0.4985,2.3935,0.5237,,,,,,,,,,
1995,0.5777,2.3935,0.5237,,,,,,,,,,
1996,0.5432,2.3935,0.5237,,,,,,,,,,
1997,0.569,2.3935,0.5237,,,,,,,,,,
1998,0.5305,2.3935,0.5237,,,,,,,,,,
1999,0.4844,2.3935,0.5237,,,,,,,,,,
2000,0.5072,2.3935,0.5237,,,,,,,,,,
